product_id,domain,category,subcategory,title,display_name,capacity_range,short_description,product_info,technical_details,applications,model_count,spec_status,docx_verification,source_type,source_url
INFO-001,i-power,Company Information,About,About i-power,About i-power,,Company overview of i-power (power division of Interconnect Solutions).,"i-power is the power division of Interconnect Solutions, dealing in AC & DC power back-up solutions. State-of-the-art manufacturing and strong R&D guarantee highest-quality products for critical power applications. i-power offers reliable UPS products with high power factors covering 1KVA to 600KVA, plus an extensive range of high-quality batteries (AGM, GEL, Pure Gel) under the ENERGEN brand from 12V/5Ah to 12V/200Ah. All standard items are available for delivery, supported by an experienced team and reliable worldwide export services by sea or air.",,,0,company_info,company_info,website,https://i-sol.co.uk/i-power
INFO-002,i-power,Company Information,Our Solutions,Our Solutions,Our Solutions,,i-power solutions approach and the industry sectors served.,"i-power helps transform, organize and grow your network/business, acting as a partner with deep product and service knowledge. Motto: 'Technology You Can Rely On'. Full lifecycle support: supply, implementation, integration, training, consulting and customer support. Solutions are reliable and cost-effective. Sectors served: 1) Banks/Financial Institutions 2) Education 3) Commercial & Residential 4) Datacenters 5) Industrial Solutions 6) Telecom Sectors 7) Hospitals/Health Facilities.",,,0,company_info,company_info,website,https://i-sol.co.uk/our-solutions-3
PROD-001,i-power,UPS Solutions,On-line high frequency,"T-4001 TL 1-1 (0.8,0.9PF), with built-in battery (1-10KVA)",T-4001 Single Phase (1-10KVA),1-10KVA,"The i-power T-4001 series is a true online double-conversion UPS that can provide your critcal equipment with reliable and stable sine wave power. It features significant advantages, including an output power factor up to 0.8/0.9 and up to 90% AC-AC efficiency for greater energy savings.","It is a versatile, high quality, and cost-competitive UPS developed to handle a wide voltage range and inconsistent power conditions. The T-4001 series provides a safe power supply guaranteed for mission-critical applications such as computer equipment, telecommunication devices, precision instrument, network termination equipment, and more.",Product Highlights: Wide Input Voltage Range allows the UPS to work in harsh environments and reduces battery discharging time. GBT technology to achieve high overall efficiency up to 90%. High input power factor (0.99) and low harmonic distortion (THDI 5%) saves upstream investment. Can be connected with all kinds of generators to save customers costs. True online double-conversion topology and zero transfer time to battery provides 24/7 full-time protection. Model OH1001T80207S OH1002T80407S OH1003T80607S OH1006T91607S OH1010T91607S Capacity 1KVA / 0.8KW 2KVA / 1.6KW 3KVA /2.4KW 6KVA / 5.4KW 10KVA / 9KW,"Network, Banking, Servers, PC, Security, Education, E-commerce, Labs, Emergency Devices, Control circuits",5,unverified_no_datasheet,unverified,website,https://i-sol.co.uk/product-line-4
PROD-002,i-power,UPS Solutions,On-line high frequency,"T-4001 TL 1-1 (0.8,0.9PF), Long back-up without batteries (1-10KVA)",T-4001 Single Phase (1-10kVA),1-10kVA,"The i-power T-4001 series is a true online double-conversion UPS that can provide your critcal equipment with reliable and stable sine wave power. It features significant advantages, including an output power factor up to 0.8/0.9 and up to 90% AC-AC efficiency. For greater energy savings, the efficiency can reach upto 96-97% during ECO mode depends on model.","It is a versatile, high quality, and cost-competitive UPS developed to handle a wide voltage range and inconsistent power conditions. The T-4001 series provides a safe power supply guaranteed for mission-critical applications such as computer equipment, telecommunication devices, precision instrument, network termination equipment, and more.",LATEST HF SWITCHING POWER SUPPLY RECTIFIER & PFC TECHNOLOGY FEATURES - Wide Input Voltage Range - IGBT Technology - High Input Power Factor High input power factor (0.99) and low harmonic distortion. Can be connected with all kinds of generators to save customers costs. True online double-conversion topology and zero transfer time to battery provides 24/7 full-time protection Advanced Communications USB/RS232 & RJ-11/RJ45 serial port interface (Optional) - Tested and Verified All devices are fully tested and verified for maximum performance. Model Capacity OH1001T80300S OH1001T80600S OH1003T80800S OH1006T91600S OH1010T91600S 1KVA / 0.8KW 2KVA / 1.6KW 3KVA /2.4KW 6KVA / 5.4KW 10KVA / 9KW,"Network, Banking, Servers, PC, Security, Education, E-commerce, Labs, Emergency Devices, Control circuits",5,unverified_no_datasheet,unverified,website,https://i-sol.co.uk/product-line-4
PROD-003,i-power,UPS Solutions,On-line high frequency,T-4001 1-10k TL 1-1 (1PF) With Built-in Batteries (1-10KVA),T-4001 Single Phase (1-10KVA),1-10KVA,"The i-power T-4001 series is a true online double-conversion UPS that can provide your critcal equipment with reliable and stable sine wave power. It features significant advantages, including an output power factor up to 1 and overall efficiency >95%. It also incorporates a reliable and energy saving green power system.","It is a versatile, high quality, and cost-competitive UPS developed to handle a wide voltage range and inconsistent power conditions. Due to its 3-level inverter technology, The T-4001 series provides a safe power supply guaranteed for mission-critical applications such as computer equipment, telecommunication devices, precision instrument, network termination equipment, and more.",FEATURES High frequency on-line double conversion single phase - High Output Power Factor - ECO Function - Topology Comes with Eco friendly function to save cost - Input Voltage Wide input voltage range from 110-300 VAC Battery anti reverse connection alarm and safety and battery test function - EPO Function - Flexible Battery - LCD - All devices have EPO function available Flexible battery VDC options i.e. 192/240 VDC for long back-up 6 & 10 kVA models - Large and multifunctional LCD with comprehensive information about UPS working. Also multi page history record displayed on LCD Model Rating OH1001T10207S OH1001T10209S OH1002T10407S OH1002T10409S OH1003T10607S OH1003T10609S OH1006T11607S OH1006T11609S OH1010T11607S 1KVA/`1KW 2KVA/2KW 3KVA/3KW 6KVA/6KW 10KVA/10KW OH1010T11609S,"Network, Banking, Servers, PC, Security, Education, E-commerce, Labs, Emergency Devices, Control circuits",10,unverified_no_datasheet,unverified,website,https://i-sol.co.uk/product-line-4
PROD-004,i-power,UPS Solutions,On-line high frequency,T-4001 1-10k TL 1-1 (1PF) Long Back-up Without Batteries (1-10KVA),T-4001 Single Phase (1-10KVA),1-10KVA,"The i-power T-4001 series is a true online double-conversion UPS that can provide your critcal equipment with reliable and stable sine wave power. It features significant advantages, including an output power factor up to 1 and overall efficiency >95%. It also incorporates a reliable and energy saving green power system.","It is a versatile, high quality, and cost-competitive UPS developed to handle a wide voltage range and inconsistent power conditions. Due to its 3-level inverter technology, The T-4001 series provides a safe power supply guaranteed for mission-critical applications such as computer equipment, telecommunication devices, precision instrument, network termination equipment, and more.",FEATURES High frequency on-line double conversion single phase - High Output Power Factor - ECO Function - Topology Comes with Eco friendly function to save cost - Input Voltage Wide input voltage range from 110-300 VAC Battery anti reverse connection alarm and safety and battery test function - EPO Function - Flexible Battery - LCD - All devices have EPO function available Flexible battery VDC options i.e. 192/240 VDC for long back-up 6 & 10 kVA models - Large and multifunctional LCD with comprehensive information about UPS working. Also multi page history record displayed on LCD Model Rating OH1001T10300S OH1002T10600S OH1003T10800S OH1006T11600S OH1006T12000S OH1010T11600S OH1010T12000S 1KVA/`1KW 2KVA/2KW 3KVA/3KW 6KVA/6KW 10KVA/10KW,"Network, Banking, Servers, PC, Security, Education, E-commerce, Labs, Emergency Devices, Control circuits",7,unverified_no_datasheet,unverified,website,https://i-sol.co.uk/product-line-4
PROD-005,i-power,UPS Solutions,On-line high frequency,T-4001 6-10k TL 1-1 (0.9PF) Built-in & Long Back-up with Parallel Feature (6-10KVA),T-4001 Single Phase (6-10kVA),6-10kVA,"The ipower T-4001 series is a robust online double-conversion UPS system engineered for critical power continuity in sensitive environments. With its true double-conversion architecture, it ensures uninterrupted pure sine-wave output, shielding connected equipment from voltage fluctuations, outages, and electrical disturbances. Operating at 94% efficiency in online mode and up to 98% in ECO mode, the system enhances energy savings without compromising reliability.","The ipower T-4001 series features a wide input voltage range (120–285VAC) and outstanding voltage accuracy (±1%). It supports a 0.9 output power factor and delivers clean output with less than 2% THD on linear loads. Certified for safety and performance, the system complies with CE, IEC/EN62040 standards, ensuring reliable operation across diverse industries.","True Double-Conversion Technology Ensures seamless power protection and high adaptability to harsh mains conditions. - Output Power Factor Delivers a 0.9 output power factor for improved load capacity. - High Efficiency Operation Achieves up to 94% efficiency in online mode and 98% in ECO mode, supporting energy savings. - Wide Input Range Supports input voltage range from 185–275VAC at 100% load and 120–185VAC with linear derating to 50% load. - LCD Display Offers real-time operational data and alerts via an easy-to-read LCD interface. - Intelligent Communication Slot (Optional) Supports SNMP and remote monitoring integration. - Parallel Operation (Optional) Up to 3 units can operate in parallel with optional parallel card. Model OH1006T91507S OH1006T91600S OH1010T91607S OH1010T91600S Capacity 6kVA/5.4kW 6kVA/5.4kW 10kVA/9kW 10kVA/9kW","Network, Banking, Servers, PC, Security, Education, E-commerce, Labs, Emergency Devices, Control circuits",4,unverified_no_datasheet,unverified,website,https://i-sol.co.uk/product-line-4
PROD-006,i-power,UPS Solutions,On-line high frequency,T-4001 6k TL 1-1 (1PF) Built-in Long Back-up with Parallel Feature (6KVA),T-4001 Single Phase (1-10KVA),1-10KVA,"The ipower T-4001 series is a high-performance online doubleconversion UPS designed to deliver pure sine-wave power for mission-critical applications. With its true online technology, it provides seamless power protection against grid fluctuations, outages, and electrical noise. The system boasts an impressive output power factor of 1.0 and up to 99.5% efficiency in ECO mode, ensuring optimal energy savings while maintaining reliable operation.","T-4001 series features a wide input voltage range (110- 280VAC) and exceptional voltage regulation (±1%). Its full-bridge inverter design accommodates challenging loads, including half-wave and unbalanced configurations, while maintaining less than 3% THD for clean power output.","True Double-Conversion Technology Provides complete isolation from grid irregularities, ensuring clean and stable power output. - Pure Sine-Wave Output Protects sensitive electronics with distortion-free AC power (<3% THD for linear loads). - 60A High-Speed Charger Rapidly recharges external 48V battery banks (batteries sold separately). - Cold Start Function Powers critical loads directly from batteries without AC input. - Parallel Expansion Supports up to 9 units for single/three-phase setups with a shared battery system. - Generator-Compatible Works seamlessly with generator power sources. - Full-Bridge Inverter Design Handles half-wave & unbalanced loads without performance loss. - Zero Transfer Time Instant switch to battery power with no interruption. - LCD Display Real-time monitoring of load, battery status, and fault alerts. - Robust Protection Overload, short-circuit, and overcharge safeguards. Model Capacity OH1005T10400S 5kVA/5kW","Network, Banking, Servers, PC, Security, Education, E-commerce, Labs, Emergency Devices, Control circuits",1,unverified_no_datasheet,unverified,website,https://i-sol.co.uk/product-line-4
PROD-007,i-power,UPS Solutions,On-line high frequency,T-4003 20-80k TL 3-3 (1PF) Built-in & Long Back-up series (20-80KVA),T-4003 Three Phase (20-80kVA),20-80kVA,"T-4003 UPS series features high efficiency, high performance, double conversion, online mode, and three-in and three-out. With perfect power source protection solutions, the UPS effectively addresses multiple power source problems such as power outage, high-voltage AC and low-voltage AC, voltage sag, damped oscillation, high-voltage impulse, voltage surge, harmonic distortion, clutter interference and frequency variation, etc.","It is widely applied for computers, communications devices and other controlling devices. We can choose optional accessories to cope with inrush load situations / feed-back circuit protections, etc in complicated electrical environments.",Excellent Protection to Harsh Environment - Dual and Single Feed Input Options - Modular Fan and Battery Design - Service Reminder for Preventive Maintenance - Various Communication Options - High Reliability Due to Dual 85 High Temperature - Conformal Coating of PCBs - Pre-Install Battery and Without Pre-Install batteries. Model (Long Back-up) OH3020T14400S OH3030T14400S OH3040T14400S OH3060T14400S OH3080T14400S Model (Standard) OH3020T14000B OH3030T14000B OH3040T14000B OH3060T14000B OH3080T14000B Capacity 20kVA/20kW 30kVA/30kW 40kVA/40kW 60kVA/60kW 80kVA/80kW,DATA CENTER TRANSPORTATION MANUFACTURING FACILITIES TELECOMMUNICATION COMMERCIAL BUILDINGS FINANCIAL SERVICES SECURITY AND SURVEILLANCE HEALTHCARE,10,unverified_no_datasheet,unverified,website,https://i-sol.co.uk/product-line-4
PROD-008,i-power,UPS Solutions,On-line high frequency,T-4003 10-180k TL 3-3 (0.9/1PF) Long Back-up series (10-180KVA),T-4003 Three Phase (10-180KVA),10-180KVA,"The i-power T-4101 series is a true online double-conversion UPS that can provide your critical equipment with reliable, stable sine wave power. It features significant advantages, including an output power factor of 0.8 and up to 98% during ECO mode.","It is a versatile, high quality, and cost-competitive UPS developed to handle a wide voltage range and inconsistent power conditions. T-4003 series is offering the best-in-class combination of maximum available power, unbeatable energy efficiency and superior power performance for small and medium important equipment/application systems, such as SME data exchange centres, communication equipment industry, and precision instruments",High Efficiency Upto 98% during ECO mode Latest IGBT Technology - High Output Power Factor Upto 1PF ≥ ±240VDC for better load handling capability - Tested and Verified - Online Double Conversion All devices are fully tested and verified for maximum performance. - Flexible Battery VDC Option True online double-conversion topology and zero transfer time to battery provides 24/7 full-time protection. Model: OH3010T15000S OH3020T15000S OH3030T15000S OH3040T15000S OH3060T15000S OH3080T15000S OH3100T15000S OH3120T15000S OH3160T15000S OH3180T15000S Capacity: 10KVA 20KVA 30KVA 40KVA 60KVA 80KVA 100KVA 120KVA 160KVA 180KVA,"Applications: Telecom, Edge Applications, Finance, Data Centers, Servers, Security, Medical Equipment’s, Educations, Light industrial applications",10,unverified_no_datasheet,unverified,website,https://i-sol.co.uk/product-line-4
PROD-009,i-power,UPS Solutions,On-line high frequency,T-4003 300-1200k TL 3-3 (1PF) Long Back-up series (300-1200KVA),T-4003 Three Phase (300-1200KVA),300-1200KVA,"The i-power T-4003 UPS Series is a high-performance, DoubleConversion Online UPS designed to deliver uncompromising power quality and reliability. Engineered with a Three-Phase architecture, it provides a seamless power backup solution for mission-critical environments.","Equipped with comprehensive power protection, the unit effectively mitigates a wide spectrum of electrical disturbances, including total power failure, voltage fluctuations (sags and surges), harmonic distortion, and frequency instability. Its advanced circuitry ensures that connected equipment receives a pure, stabilized sine wave at all times",Power Factor 1 (kVA=kW) - High Efficiency 97% - System Parallel up to 8 units - Energy Regenerative Protection - UPS Health Detection - High Reliability -Green Power -Intellegent Management Models: OH3300T14400S OH3400T14400S OH3500T14400S OH3600T14400S OH3800T14800S OH31M0T14800S OH31M2T14800S Capacity KVA: 300 400 500 600 800 1000 1200,"Applications: Telecom, Edge Applications, Finance, Data Centers, Servers, Security, Medical Equipment’s, Educations, Light industrial applications",7,unverified_no_datasheet,unverified,website,https://i-sol.co.uk/product-line-4
PROD-010,i-power,UPS Solutions,On-line low frequency,T-4101 1-6k TB 1-1 (0.8PF) With Battery (1-6KVA),T-4101 Single Phase (1-6KVA),1-6KVA,"The i-power T-4101 series is a true online double-conversion UPS that can provide your critcal equipment with reliable and stable sine wave power. It features signiﬁcant advantages, including an output power factor of 0.8 and up to 98% AC-AC efﬁciency for greater energy savings.","It is a versatile, high quality, and cost-competitive UPS developed to handle a wide voltage range and inconsistent power conditions. The T-4101 series provides a safe power supply guaranteed for mission-critical applications such as computer equipment, telecommunication devices, precision instrument, network termination equipment, and more.",Wide Input Voltage Range Single Phase 160Vac to 280Vac. High Efﬁciency 98% under ECO Mode Intelligent Charging Design Battery low/over charged sensor to protect the charger. Output Voltage Regulation 220Vac±1% (Static)  220Vac±2% (50% to 0% Sudden Change). High Performance Advanced SCR rectiﬁer and IGBT inverter technology. High Overload Handling Abilit Surge current protection technology to manage sudden impact of 0% to 100% load immediately without transfer to bypass. - Ventilation Design Front to rear ventilation design to reduce the MTTR rate of the UPS. Tested and Veriﬁed All devices are fully tested and veriﬁed for maximum performance. Model: OL1001T80607S OL1002T80607S OL1003T80807S OL1006T81607S Capacity:1KVA / 0.8KW 2KVA / 1.6KW 3KVA / 2.4KW 6KVA / 4.8KW,"Applications: Network, Banking, Servers, PC, Security, Education, E-commerce, Labs, Emergency Devices, Control circuits, Industrial machines",4,unverified_no_datasheet,unverified,website,https://i-sol.co.uk/product-line-4
PROD-011,i-power,UPS Solutions,On-line low frequency,T-4101 1-15k TB 1-1 (0.8PF) Without Battery (1-15KVA),T-4101 Single Phase (1-15kVA),1-15kVA,"The i-power T-4101 series is a true online double-conversion UPS that can provide your critcal equipment with reliable and stable sine wave power. It features significant advantages, including an output power factor of 0.8 and up to 98% AC-AC efficiency for greater energy savings.","It is a versatile, high quality, and cost-competitive UPS developed to handle a wide voltage range and inconsistent power conditions. The T-4101 series provides a safe power supply guaranteed for mission-critical applications such as computer equipment, telecommunication devices, precision instrument, network termination equipment, and more.",Wide Input Voltage Range Single Phase 160Vac to 280Vac. High Efﬁciency 98% under ECO Mode Intelligent Charging Design Battery low/over charged sensor to protect the charger. Output Voltage Regulation 220Vac±1% (Static)  220Vac±2% (50% to 0% Sudden Change). High Performance Advanced SCR rectiﬁer and IGBT inverter technology. High Overload Handling Abilit Surge current protection technology to manage sudden impact of 0% to 100% load immediately without transfer to bypass. - Ventilation Design Front to rear ventilation design to reduce the MTTR rate of the UPS. Tested and Veriﬁed All devices are fully tested and veriﬁed for maximum performance. Model: OL1001T80600S OL1002T80600S OL1003T80800S OL1006T81600S OL1006T80800S OL1008T81600S OL1010T81600S OL1015T81600S Capacities: 1KVA / 0.8KW 2KVA / 1.6KW 3KVA / 2.4KW 6KVA / 4.8KW 8KVA / 6.4KW 10KVA / 8KW 15KVA / 12KW,"Applications: Network, Banking, Servers, PC, Security, Education, E-commerce, Labs, Emergency Devices, Control circuits, Industrial machines",8,unverified_no_datasheet,unverified,website,https://i-sol.co.uk/product-line-4
PROD-012,i-power,UPS Solutions,On-line low frequency,T-4102 6-30k TB 3-1 Without Battery (6-30KVA),T-4102 Three Phase (6-30KVA),6-30KVA,"The i-power T-4102 series is a true online double-conversion UPS that can provide your critcal equipment with reliable and stable sine wave power. It features significant advantages, including an output power factor of 0.8 and up to 98% AC-AC efficiency for greater energy savings.","It is a versatile, high quality, and cost-competitive UPS developed to handle a wide voltage range and inconsistent power conditions. The T-4102 series provides a safe power supply guaranteed for mission-critical applications such as computer equipment, telecommunication devices, precision instrument, network termination equipment, and more.",Wide Input Voltage Range 3-Phase In / 1-Phase out 380Vac ±25%. High Efﬁciency 98% under ECO Mode Intelligent Charging Design Battery low/over charged sensor to protect the charger. Output Voltage Regulation 220Vac±1% (Static)  220Vac±2% (50% to 0% Sudden Change). High Performance Advanced SCR rectiﬁer and IGBT inverter technology. High Overload Handling Abilit Surge current protection technology to manage sudden impact of 0% to 100% load immediately without transfer to bypass. - Ventilation Design Front to rear ventilation design to reduce the MTTR rate of the UPS. Tested and Veriﬁed All devices are fully tested and veriﬁed for maximum performance. Model: OL2006T83200S OL2010T83200S OL2015T83200S OL2020T83200S OL2030T83200S Capacity: 6KVA / 4.8KW 10KVA / 8KW 15KVA / 12KW 20KVA / 16KW 30KVA / 24KW,"Applications: Network, Banking, Servers, PC, Security, Education, E-commerce, Labs, Emergency Devices, Control circuits, Industrial machines",5,unverified_no_datasheet,unverified,website,https://i-sol.co.uk/product-line-4
PROD-013,i-power,UPS Solutions,On-line low frequency,T-4102 10-60k TB 3-1 (0.8PF) Without Battery (10-60KVA),T-4102 Three Phase (10-60KVA),10-60KVA,"The i-power T-4102 series is a true online double-conversion UPS that can provide your critcal equipment with reliable and stable sine wave power. It features significant advantages, including an output power factor of 0.8 and up to 98% AC-AC efficiency for greater energy savings.","It is a versatile, high quality, and cost-competitive UPS developed to handle a wide voltage range and inconsistent power conditions. The T-4102 series provides a safe power supply guaranteed for mission-critical applications such as computer equipment, telecommunication devices, precision instrument, network termination equipment, and more.",Wide Input Voltage Range 3-Phase In / 1-Phase out . High Efﬁciency 98% Intelligent Charging Design Battery low/over charged sensor to protect the charger. Output Voltage Regulation 220Vac±1% (Static)  220Vac±2% (50% to 0% Sudden Change). High Performance Advanced SCR rectiﬁer and IGBT inverter technology. High Overload Handling Abilit Surge current protection technology to manage sudden impact of 0% to 100% load immediately without transfer to bypass. - Ventilation Design Front to rear ventilation design to reduce the MTTR rate of the UPS. Tested and Veriﬁed All devices are fully tested and veriﬁed for maximum performance. Model / Capacity OL2010T83200S OL2020T83200S OL2030T83200S 10KVA / 8KW 20KVA / 16KW 30KVA / 24KW OL2040T83200S OL2060T83200S 40KVA / 32KW 60KVA / 48KW,"Applications: Network, Security, Education Labs, Emergency Devices, Control circuits, Industrial machines",5,unverified_no_datasheet,unverified,website,https://i-sol.co.uk/product-line-4
PROD-014,i-power,UPS Solutions,On-line low frequency,T-4103 10-40k TB 3-3 (0.9PF) Without Battery (10-40KVA),T-4103 Three Phase (10-40KVA),10-40KVA,"The i-power T-4103 series is a true online double-conversion UPS that can provide your critcal equipment with reliable and stable power. It features significant advantages, including an output power factor of 0.9 and up to 90% AC-AC efficiency for greater energy savings.","The i-power T-4103 series offers the maximum available power, energy efficiency, and power performance for large data centres, telecommuncation center, production line and realated devices, requiring high power ratings and highly reliable power protection.",Wide Input Voltage Range to reduce the chance of un-necessary battery drainage and extend its life. Robust ECO Mode Up to 98% efficiency with higher system reliability. Parallel Redundancy Up to eight units can be paralleled for redundancy or expansion. Self Diagnosis and aging detection to minimize downtime risk. High Performance Advanced SCR rectifier and IGBT technology. Greater Energy Saving AC-AC efficiency up to 90% for greater energy savings. High Overload Handling Ability and load compatibility. Tested & Verified All are fully tested and verified for maximum performance. Model Capacity OL3010T93200S OL3015T93200S OL3020T93200S 10KVA / 9KW 15KVA / 13.5KW 20KVA / 18KW OL3030T93200S OL3040T93200S 30KVA / 27KW 40KVA / 36KW,"Applications: Industry, Precision Equipment, Medical, Airports, Transportation, Telecom, Data Centers, Metro, Emergency Equipment’s",5,unverified_no_datasheet,unverified,website,https://i-sol.co.uk/product-line-4
PROD-015,i-power,UPS Solutions,On-line low frequency,T-4103 60-120k TB 3-3 (0.9PF) Without Battery (60-120KVA),T-4103 Three Phase (60-120KVA),60-120KVA,"The i-power T-4103 series is a true online double-conversion UPS that can provide your critcal equipment with reliable and stable power. It features significant advantages, including an output power factor of 0.9 and up to 90% AC-AC efficiency for greater energy savings.","The i-power T-4103 series offers the maximum available power, energy efficiency, and power performance for large data centres, telecommuncation center, production line and realated devices, requiring high power ratings and highly reliable power protection.",Wide Input Voltage Range to reduce the chance of un-necessary battery drainage and extend its life. Robust ECO Mode Up to 98% efficiency with higher system reliability. Parallel Redundancy Up to eight units can be paralleled for redundancy or expansion. Self Diagnosis and aging detection to minimize downtime risk. High Performance Advanced SCR rectifier and IGBT technology. Greater Energy Saving AC-AC efficiency up to 90% for greater energy savings. High Overload Handling Ability and load compatibility. Tested & Verified All are fully tested and verified for maximum performance. Model Capacity OL3060T93200S OL3080T93200S OL3100T93200S OL3120T93200S 60KVA / 54KW 80KVA / 72KW 100KVA / 90KW 120KVA / 108KW,"Applications: Industry, Precision Equipment, Medical, Airports, Transportation, Telecom, Data Centers, Metro, Emergency Equipment’s",4,unverified_no_datasheet,unverified,website,https://i-sol.co.uk/product-line-4
PROD-016,i-power,UPS Solutions,On-line low frequency,T-4103 160-600k TB 3-3 (0.9PF) Without Battery (160-600KVA),T-4103 Three Phase (160-600KVA),160-600KVA,"The i-power T-4103 series is a true online double-conversion UPS that can provide your critcal equipment with reliable and stable sine wave power. It features significant advantages, including an output power factor of 0.9 and up to 94% AC-AC efficiency for greater energy savings.","The i-power T-4103 series offers the maximum available power, energy efficiency, and power performance for large data centers, telecommuncation center, production line and realated devices, requiring high power ratings and highly reliable power protection. With Multiple Digital Control Modules, such as DSP, MCU, and CPLD, T-4103 can be non-prioritized paralleled up to 8 units to lower operating costs without compromising reliability, performance, and availability.",Wide Input Voltage Range to reduce the chance of un-necessary battery drainage and extend its life. Robust ECO Mode Up to 98% efficiency with higher system reliability. Parallel Redundancy Up to eight units can be paralleled for redundancy or expansion. Self Diagnosis and aging detection to minimize downtime risk. High Performance Advanced SCR rectifier and IGBT technology. Greater Energy Saving AC-AC efficiency up to 90% for greater energy savings. High Overload Handling Ability and load compatibility. Tested & Verified All are fully tested and verified for maximum performance. Model Capacity OL3160T93200S OL3200T93200S OL3250T93200S OL3300T93200S OL3400T93200S OL3500T93200S OL3600T93200S 160KVA/144KW 200KVA/180KW 250KVA/225KW 300KVA/270KW 400KVA/360KW 500KVA/450KW 600KVA/540KW,"Applications: Industry, Precision Equipment, Medical, Airports, Transportation, Telecom, Data Centers, Metro, Emergency Equipment’s",7,unverified_no_datasheet,unverified,website,https://i-sol.co.uk/product-line-4
PROD-017,i-power,UPS Solutions,Rack-Mountable,T-4111 1-10k TB 1-1 (0.8PF) Without Battery (1-10KVA),T-4111 Single Phase (1-10kVA),1-10kVA,"The i-power T-4111 series is a true online double-conversion rack-mount UPS that can provide your critcal equipment with reliable and stable sine wave power. It features signiﬁcant advantages, including an output power factor of 0.8 and up to 85% AC-AC efﬁciency for greater energy savings.","It is a versatile, high quality, and cost-competitive UPS developed to handle a wide voltage range and inconsistent power conditions. The T-4111 series provides a safe power supply guaranteed for mission-critical applications such as computer equipment, telecommunication devices, precision instrument, network termination equipment, and more.",Wide Input Voltage Range Single Phase 160Vac to 280Vac. High Efﬁciency 98% under ECO Mode Intelligent Charging Design Battery low/over charged sensor to protect the charger. Output Voltage Regulation 220Vac±1% (Static)  220Vac±2% (50% to 0% Sudden Change). High Performance Advanced SCR rectiﬁer and IGBT inverter technology. High Overload Handling Abilit Surge current protection technology to manage sudden impact of 0% to 100% load immediately without transfer to bypass. - Ventilation Design Front to rear ventilation design to reduce the MTTR rate of the UPS. Tested and Veriﬁed All devices are fully tested and veriﬁed for maximum performance OL1001R80600S 1KVA / 0.8KW OL1002R80600S 2KVA / 1.6KW OL1003R80800S 3KVA / 2.4KW OL1006R81600S 6KVA / 4.8KW OL1008R81600S 8KVA / 6.4KW OL1010R81600S 10KVA /8KW,"Applications: Network, Banking, Servers, PC, Security, Education, E-commerce, Labs, Emergency Devices, Control circuits, Industrial machines",6,unverified_no_datasheet,unverified,website,https://i-sol.co.uk/product-line-4
PROD-018,i-power,UPS Solutions,Rack-Mountable,T-4011 1-10k TL 1-1 (1PF) With Battery (1-10KVA),T-4011 Single Phase (1-10KVA),1-10KVA,"The i-power T-4011 series is a true online double-conversion Rack-Tower UPS that can provide your critical equipment with reliable and stable pure sine wave power. It features signiﬁcant advantages, including an output power factor up to 1 and overall efﬁciency > 95%. It also provides a highly reliable and energy saving green power system.","It is a versatile, high quality, and cost-competitive UPS developed to handle a wide voltage range and inconsistent power conditions. Due to its 3-level Inverter technology, The T-4011 series provides a safe power supply guaranteed for mission-critical applications such as computer equipment, telecommunication devices, precision instrument, network termination equipment, and more.",FEATURES High frequency on-line double conversion single phase - High Output Power Factor - ECO Function - Topology Comes with Eco friendly function to save cost - Input Voltage Wide input voltage range from 110-300 VAC Battery anti reverse connection alarm and safety and battery test function - EPO Function - Flexible Battery - LCD - All devices have EPO function available Flexible battery VDC options i.e. 192/240 VDC for long back-up 6 & 10 kVA models - Large and multifunctional LCD with comprehensive information about UPS working. Also multi page history record displayed on LCD Model / Rating OH1001C10207S 1KVA / 1KW OH1002C10407S 2KVA / 2KW OH1003C10607S 3KVA / 3KW OH1006C11607S 6KVA / 6KW OH1010C11607S 10KVA / 10KW,"Network, Banking, Servers, PC, Security, Education, E-commerce, Labs, Emergency Devices, Control circuits",5,unverified_no_datasheet,unverified,website,https://i-sol.co.uk/product-line-4
PROD-019,i-power,UPS Solutions,Rack-Mountable,T-4011 3-5k TL 1-1 (1PF) Without Battery (3-5KVA),T-4011 Single Phase (3-5kVA),3-5kVA,"The i-power T-4011 series is a true online double-conversion Rack-Tower UPS that can provide your critical equipment with reliable and stable pure sine wave power. It features signiﬁcan advantages, including an output power factor up to 1 and overal efﬁciency > 95%. It also provides a highly reliable and energy saving green power system.","Its a verstile, high quality, cost competitive UPS developed to handle a wide voltage range and inconsistent power conditions. Due to its 3-level Inverter technology, The T-4011 provides a safe power supply guaranteed for mission critical equipments, telecommunication devices, precision equipment and more",FEATURES High frequency on-line double conversion single phase High Output Power Factor Wide input voltage range  EPO Function 48VDC High Charge Current LCD Display comprehensive information about UPS working. Also multi page history record displayed on LCD OH1003R10400S 3KVA OH1005R10400S 5KVA,"Network, Banking, Servers, PC, Security, Education, E-commerce, Labs, Emergency Devices, Control circuits",2,unverified_no_datasheet,unverified,website,https://i-sol.co.uk/product-line-4
PROD-020,i-power,UPS Solutions,Rack-Mountable,T-4011 6-10k TL 1-1 (1PF) compatible with Lithium batteries,T-4011 Single Phase (6-10KVA),6-10KVA,"The i-power T-4011 Lithium-ion Series (6kVA–10kVA) is a compact 2U double-conversion UPS featuring a unity power factor (VA=W) for maximum energy density. Designed for critical sectors like ﬁnance and healthcare, it utilizes LiFePO4 technology with a smart BMS that synchronizes real-time battery health and charge status.","The system offers up to 95.3% efﬁciency, supports up to eight external battery modules for extended backup, and includes built-in Ethernet for cloud-based monitoring. Certiﬁed to CE, UL, and IEC standards, this versatile rack/tower unit ensures zero transfer time and a rapid 1.5-hour recharge to 90% capacity.","Maximum output power factor is 1, VA=W Up to 95% leading efficiency Level 3 Built-in lithium battery connection , synchronization with UPS (SOC, SOH, behavior, external balancing) Long backup time with up to 8 EBMs cabinets, with automatic detection Compact design: 2U UPS+ 2U EBM Rack/tower dual set-up with rotatable LCD panel USB, RS232 port, dry contacts, RPO & ROO connectors, optional SNMP/Modbus Built-in Ethernet port for cloud connection Maintenance bypass accessory with load segment control Certification and Standards: UPS:CE; Battery: UN38.3, UL1973, IEC62619 OH1006R11600L / OH1006R16000L 6000VA/6000W OH1010R11600L / OH1010R16000L 10000VA/10000W OH2010R11600L 10000VA/10000W","Network, Banking, Servers, PC, Security, Education, E-commerce, Labs, Emergency Devices, Control circuits",5,unverified_conflict,conflict,website,https://i-sol.co.uk/product-line-4
PROD-021,i-power,UPS Solutions,Rack-Mountable,T-4011 1-10k TL 1-1 (1PF) Without Battery (1-10KVA),T-4011 Single Phase (1-10kVA),1-10kVA,"The i-power T-4011 series is a true online double-conversion Rack-Tower UPS that can provide your critical equipment with reliable and stable pure sine wave power. It features signiﬁcant advantages, including an output power factor up to 1 and overall efﬁciency > 95%. It also provides a highly reliable and energy saving green power system.","It is a versatile, high quality, and cost-competitive UPS developed to handle a wide voltage range and inconsistent power conditions. Due to its 3-level Inverter technology, The T-4011 series provides a safe power supply guaranteed for mission-critical applications such as computer equipment, telecommunication devices, precision instrument, network termination equipment, and more.",FEATURES High frequency on-line double conversion single phase - High Output Power Factor - ECO Function - Topology Comes with Eco friendly function to save cost - Input Voltage Wide input voltage range from 110-300 VAC Battery anti reverse connection alarm and safety and battery test function - EPO Function - Flexible Battery - LCD - All devices have EPO function available Flexible battery VDC options i.e. 192/240 VDC for long back-up 6 & 10 kVA models - Large and multifunctional LCD with comprehensive information about UPS working. Also multi page history record displayed on LCD Model / Rating OH1001C10300S 1KVA / 1KW OH1002C10600S 2KVA / 2KW OH1003C10800S 3KVA / 3KW OH1006C11600S 6KVA / 6KW OH1010C11600S 10KVA / 10KW,"Network, Banking, Servers, PC, Security, Education, E-commerce, Labs, Emergency Devices, Control circuits",5,unverified_no_datasheet,unverified,website,https://i-sol.co.uk/product-line-4
PROD-022,i-power,UPS Solutions,Rack-Mountable,T-4012 10-20k TL 3-1 (0.9PF) Without Battery (10-20KVA),T-4012 Three Phase (10-20KVA),10-20KVA,"The i-power T-4012 series is a true online double-conversion UPS that can provide your critcal equipment with reliable and stable sine wave power. It features significant advantages, including an output power factor up to 0.9 and up to 90% AC-AC efficiency for greater energy savings.","It is a versatile, high quality, and cost-competitive UPS developed to handle a wide voltage range and inconsistent power conditions, providing high efficiency and adaptivity to all kinds of environments. The T-4012 series provides a safe power supply guaranteed for mission-critical applications such as computer equipment, telecommunication devices, precision equipment instrument, network termination equipment, and more",Wide input voltage range to reduce the chance of un-necessary battery drainage and extend its life. Robust ECO Mode Up to 98% efficiency with higher system reliability. High Output Power factor upto 0.9 Generator Compatibility can be connected with different types of generators High input power factor 0.99 Intellegent Battery Management system Tested and Verified OH2010C81600S 10KVA / 8KW OH2015C81600S 15KVA / 12KW OH2020C81600S 20KVA / 16KW OH2010C92000S 10KVA / 9KW OH2015C92000S 15KVA / 13.5KW OH2020C92000S 20KVA / 18KW,"Network, Banking, Servers, PC, Security, Education, E-commerce, Labs, Emergency Devices, Control circuits",6,unverified_no_datasheet,unverified,website,https://i-sol.co.uk/product-line-4
PROD-023,i-power,UPS Solutions,Rack-Mountable,T-4011 1-10k TL 1-1 (1PF) Compatible with Li-ion battery (1-10KVA),T-4011 Single Phase (1-10KVA),1-10KVA,"The i-power T-4011 series is a true online double-conversion Rack-Mountable UPS that can provide your critical equipment with reliable and stable pure sine wave power. Due to its smart design and high reliability, this series combined with Lithium-ion battery pack and energy saving green power options.","Due to its smart design and high reliability, this series combined with Lithium-ion battery pack and energy saving green power options.","Latest HF IGBT technology Latest HF switching power supply rectiﬁer and PFC Technology to achieve high overall efﬁciency High Output PF Adopt Latest 3 Level technology to meet the critical load requirement with 1 PF output Large LCD Display 2.4 inch Large Color LCD+LED Screen with multi-functional keys Structure Design Standard 19” Rack-mount design Auto-Restart Auto restart (when mains power is restored, after discharge of the batteries). Tested and Veriﬁed All devices are fully tested and veriﬁed for maximum performance. OH1001R11200L OH1002R12300L OH1003R13000L OH1006R16000L OH1010R16000L 1KVA/`1KW 2KVA/2KW 3KVA/3KW 6KVA/6KW 10KVA/10KW","Network, Banking, Servers, PC, Security, Education, E-commerce, Labs, Emergency Devices, Control circuits",5,verified,verified,website,https://i-sol.co.uk/product-line-4
PROD-024,i-power,UPS Solutions,Rack-Mountable,T-4011 1-3k TL 1-1 (0.8PF) Compatible with Li-ion battery (1-3KVA),T-4011 Single Phase (1-3KVA),1-3KVA,"The i-power T-4011 series is a true online double-conversion Rack-Mountable UPS that can provide your critical equipment with reliable and stable pure sine wave power. Due to its smart design and high reliability, this series combined with Lithium-ion battery pack and energy saving green power options.","It has been designed for telecom standard with 48Vdc battery voltage. 1-3KVA with same height of 2U. It features signiﬁcant advantages, including compatibility with Li-ion batteries.","Latest HF IGBT technology Latest HF switching power supply rectiﬁer and PFC Technology to achieve high overall efﬁciency LCD Display Large Color LCD+LED Screen with multi-functional keys Structure Design Standard 19” Rack-mount design Auto-Restart Auto restart (when mains power is restored, after discharge of the batteries). Tested and Veriﬁed All devices are fully tested and veriﬁed for maximum performance. OH1001R80400L OH1002R80400L OH1003R80400L 1KVA/0.8KW 2KVA/1.6KW 3KVA/2.4KW","Network, Banking, Servers, PC, Security, Education, E-commerce, Labs, Emergency Devices, Control circuits, Telecom devices",3,verified,verified,website,https://i-sol.co.uk/product-line-4
PROD-025,i-power,UPS Solutions,Modular Series,T-6003 50-600k TL 3-3 (1PF) Modular Without Battery (50-600KVA),T-6003 Three Phase (50-600KVA),50-600KVA,"The i-power T-6003 series is a true online double-conversion modular UPS that can provide your critcal equipment with reliable and stable power. It features signiﬁcant advantages, including hot-swappable modular structure and N+X redundancy. With its high efﬁciency, this series delivers remarkably low total cost of ownership and operating expense.","The i-power T-6003 is the ultimate modular UPS series for Data centres and other critical loads. The UPS is designed to protect any critical high-density computer and IT environment, while achieving maximum availability. The T-6003 series grows along with the demands of the business without over-sizing the UPS optimizing both the initial investment and the total cost of ownership.",Wide Input Voltage Range 138-485VAC High Efficiency 96% overall efﬁciency for low running costs. Scalability Modular design provides easy maintenance and scalability Hot Swapable function ensure unintrrupted operations during maintenance Flexible Battery Configurations Each module has built-in bypass breaker to keep better system reliability Outstanding Performance The advanced technologies deployed within the UPS guarantees full rated power without any power downgrading even when operating at temperatures up to 40°C. Tested and Verified Product.. MH3200U15000S MH3300U15000S MH3400U15000S MH3500U15000S MH3600U15000S 200KVA 300KVA 400KVA 500KVA 600KVA,"Data Centers, Networks, Security, Storage, Finance",5,unverified_no_datasheet,unverified,website,https://i-sol.co.uk/product-line-4
PROD-026,i-power,UPS Solutions,Inverters,T-7701 1.6-6k TL 1-1 (1PF) Without Battery (1.6-6KVA),T-7701 Single Phase (1.6-6KVA),1.6-6KVA,"The i-power T-7701 Series is designed to deliver exceptional performance and reliability, making it ideal for both off-grid and on-grid (optional) applications. Featuring a pure sine wave MPPT solar inverter and a built-in 120A MPPT solar charger, it ensures maximum energy efﬁciency.","The battery equalization function extends the life cycle, while the reserved communication ports (RS485, CAN) enable seamless integration with a Battery Management System (BMS). With high PV input voltage range, touch buttons, and two outputs for smart load management (4/6kW optional), the T-7701 Series offers effortless operation and advanced load control.","Cost efficient solar energy inverter with easy access and two outputs for smart load management MPPT Pure sine wave MPPT solar inverter, Bulit-in 80/120A MPPT solar charger Battery equalization function extend life cycle, Reserved communication port(RS485,CAN) for BMS Hybrid T-7701 series is suitable for off-grid and on grid(optional) application Easy Access: High PV input voltage range With touch buttons, Two outputs for smart load managemen（4/6KW OPT) IH11X6W10100C 1600VA/1600W H13X2W10200C 3200VA/3200W IH1004W10200C 4000VA/4000W IH1006W10400C 6000VA/6000W","Residential, Commercial, Industry, Remote locations, Agriculture, Medical & Emergency, Public Infrastructure",4,unverified_conflict,conflict,website,https://i-sol.co.uk/product-line-4
PROD-027,i-power,UPS Solutions,Inverters,T-7701 6-10k TL 1-1 (1PF) Without Battery (6-10KVA),T-7701 Single Phase (6-10KVA),6-10KVA,"The i-power T-7701 Series is an advanced hybrid inverter engineered for on-grid and off-grid applications, delivering reliable performance across diverse energy environments. With a rugged IP66-rated enclosure and a responsive LCD touchscreen, it ensures durability and easy control even in challenging conditions. Featuring a wide MPPT voltage range (90–450V), dual MPPT trackers, and high 140A charge/discharge current, it maximizes solar energy capture and battery efﬁciency. It supports both lithium and lead-acid battery technologies for ﬂexible energy storage options.","Designed for seamless operation, the i-power T-7701 Series offers <10ms UPS transfer time, parallel operation of up to six units, and integrated communication interfaces including RS232, CAN, RS485, and optional WiFi/CT. Its smart features, such as remote monitoring and ﬂexible tariff management, optimize energy use and system performance.","Easy Access: Accessible through a LCD touch screen and through the web On-Grid & Off Grid: T-7701 series is suitable for on-grid and off-grid applications. Remote Monitoring: Control and monitor your smart system on the Move via our monitoring App and website BMS:Battery Communication for lithium battery Safe:Physical and electrical dual isolation,Earth Leakage Current Monitoring,Anti-island protection,Insulation detection and so on Flexible Rate Terrif: Charge from the grid at off-peak time when energy is cheaper,and discharge at peak tme when energy is more expensive. IH1006W10400S 6kVA/6kW IH1008W10400S 8kVA/8kW H1010W10400S 10kVA/10kW","Residential, Commercial, Industry, Remote locations, Agriculture, Medical & Emergency, Public Infrastructure",3,unverified_conflict,conflict,website,https://i-sol.co.uk/product-line-4
PROD-028,i-power,UPS Solutions,Inverters,T-7701 3-5k TL 1-1 (1PF) Without Battery (3-5KVA),T-7701 Single Phase (3-5KVA),3-5KVA,The i-power T-7701 series are pure sine wave photovoltaic off-grid integrated inverters designed with latest advanced full-digital controlled technology.,It can provide super-high fast charging current and high-efﬁciency energy conversion and storage which is most cost effective more reliable and more practicla which safe electrical protection,"High Efficiency: Ultra-wide photovoltaic input voltage range with high-efﬁciency MPPT charging and battery intelligent management system. Fast Charging: Bidirectional DC-DC provides fast charging upto 80A Configuration Options: Provide up to 9 units parallel and 1P / 3P conﬁguration options. Full Bridge Technology: nverter full-bridge technology can cope with various complex appliances Multiple Working Modes: Multiple optimized working modes for grid, photovoltaics and battery powers provide convenience for customers to choose. Monitoring Options: Wall-mounted and rack-mounted in-cabinet options are available Tested & Verified: All devices are fully tested and veriﬁed for maximum performance. IH1003R10200M IH1003W10200M 3KVA/3KW IH1005R10400M IH1005W10400M 5KVA/5KW","Residential, Commercial, Industry, Remote locations, Agriculture, Medical & Emergency, Public Infrastructure",4,unverified_conflict,conflict,website,https://i-sol.co.uk/product-line-4
PROD-029,i-power,UPS Solutions,Inverters,T-7701 11k TL 1-1 (1PF) Without Battery (11KVA),T-7701 Single Phase (11KVA),11KVA,"The i-power T-7701 Series is a cutting-edge solar inverter engineered for exceptional performance and reliability. Equipped with a customizable RGB LED ring and a vibrant 5"" LCD touch-screen, it ensures effortless monitoring of system performance. Its advanced pure sine wave MPPT inverter and wide PV input voltage range maximize energy efﬁciency, while the integrated 120A MPPT solar charger optimizes solar energy utilization for peak performance","Designed to excel in challenging environments, the inverter features an anti-dust kit for enhanced durability and compatibility with lithium-ion batteries. Its battery equalization function improves performance and extends battery life. With an optional communication port (RS485, CAN-BUS, or RS232), it seamlessly integrates with Battery Management Systems (BMS), making it perfect for advanced energy solutions. The built-in 120A MPPT solar charger ensures optimal solar energy utilization.","MPPT: Built-in two MPPT, with wide PV input range:60-450VDC Battery: Battery equalization function extend life cycle Reserved communication port(RS485,CAN) for BMS Easy to Use: Conﬁgurable AC/PV output usage time and prioritization Easy to Access: Communication WiFi or bluetooth Touchable button with large 5"" colorful LCD On & Off Grid: T-7701 series is suitable for on & off-grid applications Parallel Function: Parallel operation up to 6 units IH1011W10400C 11000VA/11000W","Residential, Commercial, Industry, Remote locations, Agriculture, Medical & Emergency, Public Infrastructure",1,unverified_conflict,conflict,website,https://i-sol.co.uk/product-line-4
PROD-030,i-power,UPS Solutions,Inverters,T-7703 8-20k 3-3 (1PF) Without Battery (8-20KVA),T-7703 Three Phase (8-20KVA),8-20KVA,"The i-power T-7703 Series is an advanced three-phase low-voltage hybrid inverter engineered for residential and small commercial applications, supporting power systems from 10kW to 20kW. It offers an impressive 500A charge/discharge current and supports three battery inputs for ﬂexible energy storage conﬁgurations.","Built with cutting-edge SiC technology and a durable full aluminum IP66-rated enclosure, the T-7703 Series ensures exceptional efﬁciency, reliability, and long-term performance. It accommodates a wide input voltage range (154–286V per phase), features automatic 50/60Hz frequency adaptation, robust surge protection, and provides up to 150% unbalanced three-phase output for stable and efﬁcient power delivery.","Extreme Climate Adaptabilit: Full-load operation, 45°C without derating High Battery Compatibility: Max. 500A charge/discharge, supports three battery inputs Wide Grid Adapbility: 154V-286V per phase input, 50/60Hz autoadaptation, built-in SPD High Surges and Output: 2x load surge for 10s, 150% three-phase unbalanced output Flexible System Expansion: Up to 8 units parallel, supports AC coupling for retroﬁt SiC + Full Aluminum + IP66: High efﬁciency, lightweight, IP66 protection H3010W10400M 10kVA/10kW IH3012W10400M 12kVA/12kW IH3015W10400M 15kVA/15kW IH3020W10400M 20kVA/20kW","Residential, Commercial, Industry, Remote locations, Agriculture, Medical & Emergency, Public Infrastructure",4,unverified_conflict,conflict,website,https://i-sol.co.uk/product-line-4
PROD-031,i-power,UPS Solutions,Accessories,Static Transfer Switch (STS) TL 1-1 16-32A,STS Single Phase (16-32A),16-32A,The i-power single phase static transfer switches (STS) transfer the power supply between independent single phase current power sources. In the event of an intteruption or abnormal conditions in one source feeding the power to critical load will be transferred to the second power source without intteruption of power to the connected load.,"The i-power STS provide an extremely fast load transfer, typically 1/4 of a cycle. This high speed load transfer guarantees the un ost sensitive electronic equipment","FULL-DIGITISED CONTROL WITH COMPREHENSIVE MONITORING & PROTECTIONS Priority Source Selection: Source-A, Source-B, Source A/B Advanced Communications: USB/RS 485 serial port interface (Optional). Auto-Restart:Auto restart (when mains power is restored, after discharge of the batteries). Tested & Verified: All devices are fully tested and veriﬁed for maximum performance. Model: STS22016 / STS22032 Capacity: 16A 32A","Networks, Servers, Commercial, Banking, Security, Education, E-commerce, Labs, Emergency Devices, Control circuits, Telecom devices",2,verified,verified,website,https://i-sol.co.uk/product-line-4
PROD-032,i-power,UPS Solutions,Accessories,Static Transfer Switch (STS) TL 3-3 25-200A,STS Three Phase (25-200A),25-200A,"The i-power Static Transfer Switch (STS) series, operating at 380VAC and featuring a 3-phase / 4-pole switch mode, transfers the critical load between independent power sources. Designed with fully digital control , the STS boasts a high reliability and a fast operation speed.","In the event of an interruption or abnormal conditions in one source feeder, the critical load will be transferred to the second power source without interruption of power to the connected load. This high-speed load transfer guarantees the uniterrupted operation for even the most senstive electronic equipment and also supported by protection functions like input overvoltage and undervoltage protection","ADOPTING FULLY DIGITAL CONTROL, WITH STRONG ANTI-INTERFERENCE ABILITY AND FAST OPERATION SPEED Switching time ≤ 10ms High Reliability Strong Overload Capacity able to withstand full load start-up quipped with Input Overvoltage Undervoltage, overcurrent and other protection functions Front panel is equiped with With an optional display screen and indicator lights to intuitively understand the STS status information 4-Pole switching To switch the neutral at the same time as the phase conductors Models: STS380025 STS380032 STS380045 STS380063 STS380100 STS380160 STS380200 Capacity: 25A 32A 45A 63A 100A 160A 200A","Networks, Servers, Commercial, Banking, Security, Education, E-commerce, Labs, Emergency Devices, Control circuits, Telecom devices, Inustrial applications",7,unverified_conflict,conflict,website,https://i-sol.co.uk/product-line-4
PROD-036,i-power,Battery Storage Systems,Lithium-ion Battery Packs,RB-LI-48VDC-100Ah,Li-ion Battery 48VDC-100Ah,,"The ENERGEN Lithium Iron Phosphate Battery Module is designed for storage and power supply application systems featuring an intelligent Battery Management System (BMS) that ensures enhanced safety, long cycle life, high energy density, wide temperature adaptability, and environmental protection.","This speciﬁcation outlines the module’s type, size, structure, electro-mechanical performnace service life, and BMS charateristics and may be updated according to specific customer requirements.","Packed with high-performance LFP single cell, long life, safety and wide temperature range. High energy density, small size, light weight, no pollution. Packing with single cell container, ﬁre retardant wire and copper connecting bar, stable and safe. Built-in BMS, with battery voltage, current, temperature and health managemen. More than 15 years design life, Stable performance, maintenance-free. Flexible customization of dimensions. Support Max 16pcs in parallel - LCD(optional) indicate the battery SOC and operating status. Model: RB-LI-48-100 Nominal Voltage: 48VDC Amp Hour Capacity: 100Ah",Storage Energy UPS Inverters Back-up Power Solutions Industrial Applications,1,unverified_conflict,conflict,website,https://i-sol.co.uk/product-line-4
PROD-037,i-power,Battery Storage Systems,Lithium-ion Battery Packs,RB-LI-409.8-512VDC-50Ah-100Ah,Li-ion Battery 512VDC-100Ah,,The ENERGEN Lithium Iron Phosphate Battery system is designed for 3-Phase online UPS applications guaranteeing safety and reliability. It supports a high 6C discharge current for 10 minute and is compatible with a wide range of high-voltage UPS systems.,"Available in conﬁgurations up to 51.2KWH and scalable up to 8 cabinets, the battery system is protected by a BMS and Circuit Breaker, and offers a maximum supported UPS capacity up to 250KW.","THE BATTERY MODULE CONSISTS OF LFP CELLS, WIRE, BMS AND ABS CONTAINER FEATURES - 6C discharge current for 10min application - +/- battery voltage with midpoint to support most of UPS battery conﬁguration Suitable for wide range of UPS with high-voltage Up to 8 battery cabinets in parallel Lithium Iron battery LiFePO4 guarantees safety and reliability Models: RB-LI-410-50 RB-LI-512-50 RB-LI-410-100 RB-LI-512-100",3-Phase UPS Systems Data Centers Industrial & Commercial Applications Renewable Energy Storage Systems,4,unverified_conflict,conflict,website,https://i-sol.co.uk/product-line-4
PROD-038,i-power,Battery Storage Systems,Lithium-ion Battery Packs,RB-LI-480VDC-40-100Ah,Li-ion Battery 480VDC-100Ah,,"""Carbon Peaking Carbon Neutrality"" has become a global priority for all countries and industries and the concept of green energy saving has also been widely recognized by the people. Thanks the new infrastructure and 'dual carbon' goals, the lithium-ion battery industry has developed geomatrically at an astonishing pace. Lithium ion phospate walks in the forfront for its safety and stability",By following the nuclear-grade safety design concept and leveraging its over 30 years of professional experience in the power field. i-power deeply applied power electronics to the lithium ion battery technology and released lithium based solution with high safety and reliability,"The S3 smart backup lithium-ion battery system solution adopts the modular parallel design, Safe, Smart and Simple, which can compatible with the full range of i-power UPS, with power ranging from 6kW to 1200kW. DC/DC isolated design combines with the physical isolated design. The fault battery module exits automatically without expanding the fault range Terminal zero voltage when shut down the system, no risk of short circuit shock Module ﬁre protection Can quickly, accurately and effectively detect and extinguish the ﬁre source will extinguish the ﬁre in the initial stage PBMU-SBMU-MBMU, ensure the system safety and improve the system reliability On-line array insulation detection, prevention of battery insulation failure in advance Minute-level maintenance, reduce the OPEX cost Module design, support on-line expansion, can expand the capacity of modules or cabinets. Reduce the CAPEX cost",3-Phase UPS Systems Data Centers Industrial & Commercial Applications Renewable Energy Storage Systems,0,range_only,range_only,website,https://i-sol.co.uk/product-line-4
PROD-039,i-power,Battery Storage Systems,Lithium-ion Battery Packs,RB-LI-512VDC-200Ah,Li-ion Battery 512VDC-200Ah,,"The Energen RB-LI-512-200 is a high-voltage lithium iron phosphate (LFP) battery system purpose-built for resilient data center energy storage. It delivers a rated energy of 102.4kWh and a maximum discharge power of 184kW, ensuring robust backup for critical IT loads. The system utilizes a sophisticated three-level BMS architecture comprising BMU, BCU and BAU unit to provide a real time monitoring and comprehensive hardware protection","Designed for high reliability, it features independent charging circuits and is fully compatible with UPS and HVDC equipment. Safety is paramount, with integrated perﬂuorohexane ﬁre protection. The scalable solution supports upto 16 cabinents in parallel and offers 10 years calender life.","High Safety: LFP battery cells, three-level BMS architecture, and certified by authoritative bodies. Long Life: Long calendar life design, lower TCO. High Reliability: Independent charging and discharging circuit, AC & DC dual power supply, ensuring constant connectivity. Advanced Monitoring: Features centralized monitoring through a Battery Administrative Unit (BAU) and supports unattended operation. High Comptability: Highly compatible with various UPS and High Voltage Direct Current (HVDC) equipment. Model: RB-LI-512-200",3-Phase UPS Systems Data Centers Industrial & Commercial Applications Renewable Energy Storage Systems,1,unverified_conflict,conflict,website,https://i-sol.co.uk/product-line-4
PROD-040,i-power,Automatic Voltage Regulators,Servo AVR,,AVR-1001 Single Phase (1-10KVA),1-10KVA,"The i-power “Servo Voltage Stabilizers” provide protection against main power sags, surges and brownouts. It is ideal for environments that are subject to inconsistencies in the main supply. Each stabilizer has a wide input voltage tolerance and has been designed to provide the ultimate reliability in hostile environments where the quality of the main supply cannot be guaranteed.",The electro-mechanical servo based voltage stabilizer series adopts the latest control technology and offers an unrivalled combination of features providing exceptional performance and protection with great versatility and extremely high reliability. This product is extremely suitable for equipment that require highly reliable and stable power supply.,"FEATURES - Fully Rated Capacity Precise output voltage regulation - Output Accuracy Main Control PCB based on SMT process - SMT Technology Multi Info LCD Display - Display - Protections Overload, Under/Over Voltage, Short Circuit, Bypass protection - Smart CUP control Technolgy Adapts smart CPU control technology to control all processes to increase system reliability. - Tested and Verified All devices are fully tested and verified for maximum performance. Model R100123223S R100223223S R100323223S R100523223S R101023223S Power Rating 1KVA 2KVA 3KVA 5KVA 10KVA",Eelecric Appliances Entertainment IT Infrastructure Business Systems POS Medical Instruments Automation Industrial Machines Telecom Infrastructure,5,verified,verified,website,https://i-sol.co.uk/product-line-4
PROD-041,i-power,Automatic Voltage Regulators,Servo AVR,,AVR-1001 Single Phase (20-30KVA),20-30KVA,"The i-power “Servo Voltage Stabilizers” provide protection against main power sags, surges and brownouts. It is ideal for environments that are subject to inconsistencies in the main supply. Each stabilizer has a wide input voltage tolerance and has been designed to provide the ultimate reliability in hostile environments where the quality of the main supply cannot be guaranteed.",The electro-mechanical servo based voltage stabilizer series adopts the latest control technology and offers an unrivalled combination of features providing exceptional performance and protection with great versatility and extremely high reliability. This product is extremely suitable for equipment that require highly reliable and stable power supply.,"FEATURES - Fully Rated Capacity Precise output voltage regulation - Output Accuracy Main Control PCB based on SMT process - SMT Technology Multi Info LCD Display - Display - Protections Overload, Under/Over Voltage, Short Circuit, Bypass protection - Smart CUP control Technolgy Adapts smart CPU control technology to control all processes to increase system reliability. - Tested and Verified All devices are fully tested and verified for maximum performance. Model R102023223S R103023223S Power Rating: 20KVA 30KVA",Eelecric Appliances Entertainment IT Infrastructure Business Systems POS Medical Instruments Automation Industrial Machines Telecom Infrastructure,2,verified,verified,website,https://i-sol.co.uk/product-line-4
PROD-042,i-power,Automatic Voltage Regulators,Servo AVR,,AVR-1002 Three Phase (10-80KVA),10-80KVA,"The i-power “Servo Voltage Stabilizers” provide protection against main power sags, surges and brownouts. It is ideal for environments that are subject to inconsistencies in the main supply. Each stabilizer has a wide input voltage tolerance and has been designed to provide the ultimate reliability in hostile environments where the quality of the main supply cannot be guaranteed.",The electro-mechanical servo based voltage stabilizer series adopts the latest control technology and offers an unrivalled combination of features providing exceptional performance and protection with great versatility and extremely high reliability. This product is extremely suitable for equipment that require highly reliable and stable power supply.,"FEATURES - Independent Phase Regulation Individual phase regulation technology for better performance - Fully Rated Capacity Precise output voltage regulation - Output Accuracy Main Control PCB based on SMT process - SMT Technology Multi Info LCD Display - Display - Protections Overload, Under/Over Voltage, Short Circuit, Bypass protection - Smart CUP control Technolgy Adapts smart CPU control technology to control all processes to increase system reliability. - Tested and Verified All devices are fully tested and verified for maximum performance. Model: R300140240S R300240240S R300340240S R300540240S R300840240S Power Rating: 10KVA 20KVA 30KVA 50KVA 80KVA",CNC Machines Injection Molding Machines Production Lines Imaging Equipment Laboratory Instruments Server Rooms & Data Centers Telecom Base Stations Elevators & Lifts HVAC Systems,5,verified,verified,website,https://i-sol.co.uk/product-line-4
PROD-043,i-power,Automatic Voltage Regulators,Servo AVR,,AVR-1002 Three Phase (100-3000KVA),100-3000KVA,"The i-power “Servo Voltage Stabilizers” provide protection against main power sags, surges and brownouts. It is ideal for environments that are subject to inconsistencies in the main supply. Each stabilizer has a wide input voltage tolerance and has been designed to provide the ultimate reliability in hostile environments where the quality of the main supply cannot be guaranteed.",The electro-mechanical servo based voltage stabilizer series adopts the latest control technology and offers an unrivalled combination of features providing exceptional performance and protection with great versatility and extremely high reliability. This product is extremely suitable for equipment that require highly reliable and stable power supply.,"FEATURES - Independent Phase Regulation Individual phase regulation technology for better performance - Fully Rated Capacity Precise output voltage regulation - Output Accuracy Main Control PCB based on SMT process - SMT Technology Multi Info LCD Display - Display - Protections Overload, Under/Over Voltage, Short Circuit, Bypass protection - Smart CUP control Technolgy Adapts smart CPU control technology to control all processes to increase system reliability. - Tested and Verified All devices are fully tested and verified for maximum performance. Model R301040240S R301240240S R301540240S R302040240S R302540240S R303040240S R304040240S R305040240S R306040240S R308040240S R310040240S R312540240S R315040240S R320040240S R330040240S Power Rating: 100KVA 120KVA 150KVA 200KVA 250KVA 300KVA 400KVA 500KVA 600KVA 800KVA 1000KVA 1250KVA 1500KVA 2000KVA 3000KVA",CNC Machines Injection Molding Machines Production Lines Imaging Equipment Laboratory Instruments Server Rooms & Data Centers Telecom Base Stations Elevators & Lifts HVAC Systems,15,verified,verified,website,https://i-sol.co.uk/product-line-4
PROD-044,i-power,Automatic Voltage Regulators,Static AVR,,AVR-2001 Single Phase (5-30KVA),5-30KVA,"The i-power “Static Voltage Stabilizers” provide protection against main power sags, surges and brownouts. It is ideal for locations that are subject to inconsistencies in the main supply. Each stabilizer has a wide input voltage tolerance and has been designed to provide the ultimate reliability in hostile environments where the quality of the main supply cannot be guaranteed.","The Non- contact voltage stabilizer series adopts the latest DSP operation control technology, fastest AC sampling, effective values calibrating, current zero-crossing switching and fast compensating voltage stabilizing technology to meet the new generation technology requirements. This product is extremely suitable for equipment that require highly reliable and stable power supply or environments where high amplitude of voltage fluctuation is common.","FEATURES - Non-Contact based technology Non-contact based technology and free from abrasion & routine maintenance - Display Multi info LCD Display - Output Accuracy Precise output voltage regulation - Fast Response Fast response time against input voltage fluctuations - Protections Overload, Under/Over Voltage, Short Circuit, Bypass protection - Smart CUP control Technolgy Adapts smart CPU control technology to control all processes to increase system reliability. - Tested and Verified All devices are fully tested and verified for maximum performance. Model T100523223S T101023223S T101523223S T102023223S T103023223S Power Rating: 5KVA 10KVA 15KVA 20KVA 30KVA",Medical & Healthcare Data Centers & IT Networks Precision Laboratories Industrial Automation Commercial & Residential,5,verified,verified,website,https://i-sol.co.uk/product-line-4
PROD-045,i-power,Automatic Voltage Regulators,Static AVR,,AVR-2002 Three Phase (10-250KVA),10-250KVA,"The i-power “Static Voltage Stabilizers” provide protection against main power sags, surges and brownouts. It is ideal for locations that are subject to inconsistencies in the main supply. Each stabilizer has a wide input voltage tolerance and has been designed to provide the ultimate reliability in hostile environments where the quality of the main supply cannot be guaranteed.","The Non- contact voltage stabilizer series adopts the latest DSP operation control technology, fastest AC sampling, effective values calibrating, current zero-crossing switching and fast compensating voltage stabilizing technology to meet the new generation technology requirements. This product is extremely suitable for equipment that require highly reliable and stable power supply or environments where high amplitude of voltage fluctuation is common.","FEATURES - Non-Contact based technology Non-contact based technology and free from abrasion & routine maintenance - Display Multi info LCD Display - Output Accuracy Precise output voltage regulation - Fast Response Fast response time against input voltage fluctuations - Protections Overload, Under/Over Voltage, Short Circuit, Bypass protection - Smart CUP control Technolgy Adapts smart CPU control technology to control all processes to increase system reliability. - Tested and Verified All devices are fully tested and verified for maximum performance. Model T300140240S T300240240S T300340240S T300540240S T300840240S T301040240S T301240240S T301540240S T302040240S T302540240S Power Rating5/19/2026 10KVA 20KVA 30KVA 50KVA 80KVA 100KVA 120KVA 150KVA 200KVA 250KVA",Data Centers and IT Facilities Medical and Diagnostic Equipment Industrial Automation and CNC Machinery Laboratories and Testing Facilities Industrial HVAC and Compressors,10,partially_verified,partially_verified,website,https://i-sol.co.uk/product-line-4
PROD-046,i-power,Automatic Voltage Regulators,Static AVR,,AVR-2002 Three Phase (300-3000KVA),300-3000KVA,"The i-power “Static Voltage Stabilizers” provide protection against main power sags, surges and brownouts. It is ideal for locations that are subject to inconsistencies in the main supply. Each stabilizer has a wide input voltage tolerance and has been designed to provide the ultimate reliability in hostile environments where the quality of the main supply cannot be guaranteed.","The Non- contact voltage stabilizer series adopts the latest DSP operation control technology, fastest AC sampling, effective values calibrating, current zero-crossing switching and fast compensating voltage stabilizing technology to meet the new generation technology requirements. This product is extremely suitable for equipment that require highly reliable and stable power supply or environments where high amplitude of voltage fluctuation is common.","FEATURES - Non-Contact based technology Non-contact based technology and free from abrasion & routine maintenance - Display Multi info LCD Display - Output Accuracy Precise output voltage regulation - Fast Response Fast response time against input voltage fluctuations - Protections Overload, Under/Over Voltage, Short Circuit, Bypass protection - Smart CUP control Technolgy Adapts smart CPU control technology to control all processes to increase system reliability. - Tested and Verified All devices are fully tested and verified for maximum performance. Model T303040240S T304040240S T305040240S T306040240S T308040240S T310040240S T312540240S T315040240S T320040240S T330040240S Power Rating: 300KVA 400KVA 500KVA 600KVA 800KVA 1000KVA 1250KVA 1500KVA 2000KVA 3000KVA",Data Centers and IT Facilities Medical and Diagnostic Equipment Industrial Automation and CNC Machinery Laboratories and Testing Facilities Industrial HVAC and Compressors,10,verified,verified,website,https://i-sol.co.uk/product-line-4
