product_id,product_name,category,subcategory,model_code,capacity,variant,mapping_confidence,resolution_method
PROD-001,"T-7401 TL 1-1, Without battery (1.2-2.4K)",Inverter Solutions,Power Inverter Series,IH11X2T60100S,,,verified,source_1to1
PROD-001,"T-7401 TL 1-1, Without battery (1.2-2.4K)",Inverter Solutions,Power Inverter Series,IH12X4T60200S,,,verified,source_1to1
PROD-002,T-7000 (1-12kW),Inverter Solutions,Long Back-up Inverters,(not listed in source),1-12KVA,,range_from_name,product_name
PROD-003,T-7002 (1.2W and 2.4W),Inverter Solutions,Long Back-up Inverters,(not listed in source),,,range_from_name,product_name
PROD-004,T-7001 (1-6kW),Inverter Solutions,Solar Hybrid Inverters,(not listed in source),1-6KVA,,range_from_name,product_name
PROD-005,"T-7101 TB 1-1, Without battery (1-10K)",Inverter Solutions,Inverter Solutions,(model code not listed),1KVA,,capacity_only,capacity_list
PROD-005,"T-7101 TB 1-1, Without battery (1-10K)",Inverter Solutions,Inverter Solutions,(model code not listed),1.5KVA,,capacity_only,capacity_list
PROD-005,"T-7101 TB 1-1, Without battery (1-10K)",Inverter Solutions,Inverter Solutions,(model code not listed),2KVA,,capacity_only,capacity_list
PROD-005,"T-7101 TB 1-1, Without battery (1-10K)",Inverter Solutions,Inverter Solutions,(model code not listed),3KVA,,capacity_only,capacity_list
PROD-005,"T-7101 TB 1-1, Without battery (1-10K)",Inverter Solutions,Inverter Solutions,(model code not listed),5KVA,,capacity_only,capacity_list
PROD-006,"T-7201 TB 1-1, Without battery (1-10K)",Inverter Solutions,Inverter Solutions,(model code not listed),1KVA,,capacity_only,capacity_list
PROD-006,"T-7201 TB 1-1, Without battery (1-10K)",Inverter Solutions,Inverter Solutions,(model code not listed),1.5KVA,,capacity_only,capacity_list
PROD-006,"T-7201 TB 1-1, Without battery (1-10K)",Inverter Solutions,Inverter Solutions,(model code not listed),2KVA,,capacity_only,capacity_list
PROD-006,"T-7201 TB 1-1, Without battery (1-10K)",Inverter Solutions,Inverter Solutions,(model code not listed),3KVA,,capacity_only,capacity_list
PROD-006,"T-7201 TB 1-1, Without battery (1-10K)",Inverter Solutions,Inverter Solutions,(model code not listed),5KVA,,capacity_only,capacity_list
PROD-007,"T-7501 TL 1-1, Without battery (1.2-2.4K)",Inverter Solutions,Inverter Solutions,IH11X2T60100S,,,verified,source_1to1
PROD-007,"T-7501 TL 1-1, Without battery (1.2-2.4K)",Inverter Solutions,Inverter Solutions,IH12X4T60200S,,,verified,source_1to1
PROD-008,"T-7601 (0.5-10K) , Telecom Inverter (48VDC-220AC)",Inverter Solutions,Inverter Solutions,IH1X50R80400T,0.5KVA,,verified,source_1to1
PROD-008,"T-7601 (0.5-10K) , Telecom Inverter (48VDC-220AC)",Inverter Solutions,Inverter Solutions,IH1001R80400T,1KVA,,verified,source_1to1
PROD-008,"T-7601 (0.5-10K) , Telecom Inverter (48VDC-220AC)",Inverter Solutions,Inverter Solutions,IH1002R80400T,2KVA,,verified,source_1to1
PROD-008,"T-7601 (0.5-10K) , Telecom Inverter (48VDC-220AC)",Inverter Solutions,Inverter Solutions,IH1003R80400T,3KVA,,verified,source_1to1
PROD-008,"T-7601 (0.5-10K) , Telecom Inverter (48VDC-220AC)",Inverter Solutions,Inverter Solutions,IH1004R80400T,4KVA,,verified,source_1to1
PROD-009,AVR-1000 Single Phase (10-100kVA),Automatic Voltage Regulators,AVR-1000 (Servo Control),(model code not listed),10KVA,,capacity_only,capacity_list
PROD-009,AVR-1000 Single Phase (10-100kVA),Automatic Voltage Regulators,AVR-1000 (Servo Control),(model code not listed),20KVA,,capacity_only,capacity_list
PROD-009,AVR-1000 Single Phase (10-100kVA),Automatic Voltage Regulators,AVR-1000 (Servo Control),(model code not listed),30KVA,,capacity_only,capacity_list
PROD-009,AVR-1000 Single Phase (10-100kVA),Automatic Voltage Regulators,AVR-1000 (Servo Control),(model code not listed),50KVA,,capacity_only,capacity_list
PROD-009,AVR-1000 Single Phase (10-100kVA),Automatic Voltage Regulators,AVR-1000 (Servo Control),(model code not listed),80KVA,,capacity_only,capacity_list
PROD-009,AVR-1000 Single Phase (10-100kVA),Automatic Voltage Regulators,AVR-1000 (Servo Control),(model code not listed),100KVA,,capacity_only,capacity_list
PROD-010,AVR-1000 Three Phase (10-3000kVA),Automatic Voltage Regulators,AVR-1000 (Servo Control),(model code not listed),10KVA,,capacity_only,capacity_list
PROD-010,AVR-1000 Three Phase (10-3000kVA),Automatic Voltage Regulators,AVR-1000 (Servo Control),(model code not listed),3000KVA,,capacity_only,capacity_list
PROD-011,AVR-1001 Single Phase (1-50kVA),Automatic Voltage Regulators,AVR-1001 (Static Control),(model code not listed),1KVA,,capacity_only,capacity_list
PROD-011,AVR-1001 Single Phase (1-50kVA),Automatic Voltage Regulators,AVR-1001 (Static Control),(model code not listed),50KVA,,capacity_only,capacity_list
PROD-012,AVR-1001 Three Phase (10-2000kVA),Automatic Voltage Regulators,AVR-1001 (Static Control),(model code not listed),10KVA,,capacity_only,capacity_list
PROD-012,AVR-1001 Three Phase (10-2000kVA),Automatic Voltage Regulators,AVR-1001 (Static Control),(model code not listed),2000KVA,,capacity_only,capacity_list
PROD-013,AVR-1002 Single Phase (1-20kVA),Automatic Voltage Regulators,AVR-1002 (Relay Control),(model code not listed),1KVA,,capacity_only,capacity_list
PROD-013,AVR-1002 Single Phase (1-20kVA),Automatic Voltage Regulators,AVR-1002 (Relay Control),(model code not listed),2KVA,,capacity_only,capacity_list
PROD-013,AVR-1002 Single Phase (1-20kVA),Automatic Voltage Regulators,AVR-1002 (Relay Control),(model code not listed),3KVA,,capacity_only,capacity_list
PROD-013,AVR-1002 Single Phase (1-20kVA),Automatic Voltage Regulators,AVR-1002 (Relay Control),(model code not listed),5KVA,,capacity_only,capacity_list
PROD-013,AVR-1002 Single Phase (1-20kVA),Automatic Voltage Regulators,AVR-1002 (Relay Control),(model code not listed),7.5KVA,,capacity_only,capacity_list
PROD-013,AVR-1002 Single Phase (1-20kVA),Automatic Voltage Regulators,AVR-1002 (Relay Control),(model code not listed),10KVA,,capacity_only,capacity_list
PROD-013,AVR-1002 Single Phase (1-20kVA),Automatic Voltage Regulators,AVR-1002 (Relay Control),(model code not listed),15KVA,,capacity_only,capacity_list
PROD-013,AVR-1002 Single Phase (1-20kVA),Automatic Voltage Regulators,AVR-1002 (Relay Control),(model code not listed),20KVA,,capacity_only,capacity_list
PROD-014,AVR-1001 Servo 1-Phase (1-10k),Automatic Voltage Regulators,AVR-1001 (Servo Control),R100123223S,1KVA,,verified,source_1to1
PROD-014,AVR-1001 Servo 1-Phase (1-10k),Automatic Voltage Regulators,AVR-1001 (Servo Control),R100223223S,2KVA,,verified,source_1to1
PROD-014,AVR-1001 Servo 1-Phase (1-10k),Automatic Voltage Regulators,AVR-1001 (Servo Control),R100323223S,3KVA,,verified,source_1to1
PROD-014,AVR-1001 Servo 1-Phase (1-10k),Automatic Voltage Regulators,AVR-1001 (Servo Control),R100523223S,5KVA,,verified,source_1to1
PROD-014,AVR-1001 Servo 1-Phase (1-10k),Automatic Voltage Regulators,AVR-1001 (Servo Control),R101023223S,10KVA,,verified,source_1to1
PROD-015,AVR-1001 Servo 1-Phase (20-30KVA),Automatic Voltage Regulators,AVR-1001 (Servo Control),R102023223S,20KVA,,verified,source_1to1
PROD-015,AVR-1001 Servo 1-Phase (20-30KVA),Automatic Voltage Regulators,AVR-1001 (Servo Control),R103023223S,30KVA,,verified,source_1to1
PROD-016,AVR-1002 Servo 3-Phase (100-3000KVA),Automatic Voltage Regulators,AVR-1002 (Servo Control),R310040240S,1000KVA,,verified,source_1to1
PROD-016,AVR-1002 Servo 3-Phase (100-3000KVA),Automatic Voltage Regulators,AVR-1002 (Servo Control),R312540240S,1250KVA,,verified,source_1to1
PROD-016,AVR-1002 Servo 3-Phase (100-3000KVA),Automatic Voltage Regulators,AVR-1002 (Servo Control),R315040240S,1500KVA,,verified,source_1to1
PROD-016,AVR-1002 Servo 3-Phase (100-3000KVA),Automatic Voltage Regulators,AVR-1002 (Servo Control),R320040240S,2000KVA,,verified,source_1to1
PROD-016,AVR-1002 Servo 3-Phase (100-3000KVA),Automatic Voltage Regulators,AVR-1002 (Servo Control),R330040240S,3000KVA,,verified,source_1to1
PROD-017,AVR-1002 Servo 3-Phase (10-80k),Automatic Voltage Regulators,AVR-1002 (Servo Control),R300140240S,10KVA,,verified,source_1to1
PROD-017,AVR-1002 Servo 3-Phase (10-80k),Automatic Voltage Regulators,AVR-1002 (Servo Control),R300240240S,20KVA,,verified,source_1to1
PROD-017,AVR-1002 Servo 3-Phase (10-80k),Automatic Voltage Regulators,AVR-1002 (Servo Control),R300340240S,30KVA,,verified,source_1to1
PROD-017,AVR-1002 Servo 3-Phase (10-80k),Automatic Voltage Regulators,AVR-1002 (Servo Control),R300540240S,50KVA,,verified,source_1to1
PROD-017,AVR-1002 Servo 3-Phase (10-80k),Automatic Voltage Regulators,AVR-1002 (Servo Control),R300840240S,80KVA,,verified,source_1to1
PROD-018,AVR-2001 Static 1-Phase (5-30k),Automatic Voltage Regulators,AVR-2001 (Static  Control),T100523223S,5KVA,,verified,source_1to1
PROD-018,AVR-2001 Static 1-Phase (5-30k),Automatic Voltage Regulators,AVR-2001 (Static  Control),T101023223S,10KVA,,verified,source_1to1
PROD-018,AVR-2001 Static 1-Phase (5-30k),Automatic Voltage Regulators,AVR-2001 (Static  Control),T101523223S,15KVA,,verified,source_1to1
PROD-018,AVR-2001 Static 1-Phase (5-30k),Automatic Voltage Regulators,AVR-2001 (Static  Control),T102023223S,20KVA,,verified,source_1to1
PROD-018,AVR-2001 Static 1-Phase (5-30k),Automatic Voltage Regulators,AVR-2001 (Static  Control),T103023223S,30KVA,,verified,source_1to1
PROD-019,AVR-2002 Static 3-Phase (10-250k),Automatic Voltage Regulators,AVR-2002 (Static Control),T300140240S,10KVA,,verified,source_1to1
PROD-019,AVR-2002 Static 3-Phase (10-250k),Automatic Voltage Regulators,AVR-2002 (Static Control),T300240240S,20KVA,,verified,source_1to1
PROD-019,AVR-2002 Static 3-Phase (10-250k),Automatic Voltage Regulators,AVR-2002 (Static Control),T300340240S,30KVA,,verified,source_1to1
PROD-019,AVR-2002 Static 3-Phase (10-250k),Automatic Voltage Regulators,AVR-2002 (Static Control),T300540240S,50KVA,,verified,source_1to1
PROD-019,AVR-2002 Static 3-Phase (10-250k),Automatic Voltage Regulators,AVR-2002 (Static Control),T300840240S,80KVA,,verified,source_1to1
PROD-020,AVR-2002 Static 3-Phase (300-300KVA),Automatic Voltage Regulators,AVR-2002 (Static Control),T310040240S,1000KVA,,verified,source_1to1
PROD-020,AVR-2002 Static 3-Phase (300-300KVA),Automatic Voltage Regulators,AVR-2002 (Static Control),T312540240S,1250KVA,,verified,source_1to1
PROD-020,AVR-2002 Static 3-Phase (300-300KVA),Automatic Voltage Regulators,AVR-2002 (Static Control),T315040240S,1500KVA,,verified,source_1to1
PROD-020,AVR-2002 Static 3-Phase (300-300KVA),Automatic Voltage Regulators,AVR-2002 (Static Control),T320040240S,2000KVA,,verified,source_1to1
PROD-020,AVR-2002 Static 3-Phase (300-300KVA),Automatic Voltage Regulators,AVR-2002 (Static Control),T330040240S,3000KVA,,verified,source_1to1
PROD-021,AGM E-GFM Series Range: 5Ah – 200Ah,Battery Storage Power Solutions,AGM Valve Regulated Sealed Lead Acid 12Volt,(not listed in source),5-200AH,,range_from_name,product_name
PROD-022,Gel E-GH Series Range: 26Ah – 200Ah,Battery Storage Power Solutions,Gel Valve Regulated Sealed Lead Acid 12Volt,(not listed in source),26-200AH,,range_from_name,product_name
PROD-023,Pure E-GD Series Range: 26Ah – 200Ah,Battery Storage Power Solutions,Pure Gel (Deep Cycle) Valve Regulated Sealed Lead Acid 12Volt,(not listed in source),26-200AH,,range_from_name,product_name
PROD-024,AGM E-AD Series Range: 26Ah – 200Ah,Battery Storage Power Solutions,AGM (Deep Cycle) Valve Regulated Sealed Lead Acid 12Volt,(not listed in source),26-200AH,,range_from_name,product_name
PROD-025,Battery Lithium Battery Pack (RB-LI-192-100),Battery Storage Power Solutions,Battery Storage Power Solutions,RB-LI-192-100,,,verified,source_1to1
PROD-026,Battery Lithium Battery Pack (RB-LI-48-25),Battery Storage Power Solutions,Battery Storage Power Solutions,RB-LI-48-25,25Ah,,verified,source_1to1
PROD-027,T-4101A (3-10kVA),Customized Power Solutions,Custom Design Online UPS > 1 Phase In - 1 Phase Out,(model code not listed),3kVA/2.7kW (Customizable To 6KVA And 10KVA As Well),,capacity_only,capacity_list
PROD-028,"T-8001, 1-In / 1-Out, Outdoor cabinet with UPS, 0.9PF (1-3KVA)",Customized Power Solutions,Custom Design Online UPS > 1 Phase In - 1 Phase Out,(not listed in source),1-3KVA,,range_from_name,product_name
PROD-029,"T-8002, Data Master Cabinet, 1-In / 1-Out, 0.9, (1-10kVA)",Customized Power Solutions,Custom Design Online UPS > 1 Phase In - 1 Phase Out,(model code not listed),1-10kVA,,capacity_only,capacity_list
PROD-030,Customized Manual Voltage Variable Supply,Customized Power Solutions,Customized Power Solutions,MVR-380-20-380,,,verified,source_1to1
PROD-031,Static Single Phase 3-32A,Optional / Accessories,Optional UPS Components > Static Transfer Switches,(model code not listed),10A,,capacity_only,capacity_list
PROD-031,Static Single Phase 3-32A,Optional / Accessories,Optional UPS Components > Static Transfer Switches,(model code not listed),16A,,capacity_only,capacity_list
PROD-031,Static Single Phase 3-32A,Optional / Accessories,Optional UPS Components > Static Transfer Switches,(model code not listed),32A,,capacity_only,capacity_list
PROD-032,Static Three Phase 100-400A,Optional / Accessories,Optional UPS Components > Static Transfer Switches,(model code not listed),100A,,capacity_only,capacity_list
PROD-032,Static Three Phase 100-400A,Optional / Accessories,Optional UPS Components > Static Transfer Switches,(model code not listed),150A,,capacity_only,capacity_list
PROD-032,Static Three Phase 100-400A,Optional / Accessories,Optional UPS Components > Static Transfer Switches,(model code not listed),200A,,capacity_only,capacity_list
PROD-032,Static Three Phase 100-400A,Optional / Accessories,Optional UPS Components > Static Transfer Switches,(model code not listed),250A,,capacity_only,capacity_list
PROD-032,Static Three Phase 100-400A,Optional / Accessories,Optional UPS Components > Static Transfer Switches,(model code not listed),300A,,capacity_only,capacity_list
PROD-032,Static Three Phase 100-400A,Optional / Accessories,Optional UPS Components > Static Transfer Switches,(model code not listed),400A,,capacity_only,capacity_list
PROD-033,Optional SNMP Adaptor/Card,Optional / Accessories,Optional UPS Components,(not listed in source),,,range_from_name,product_name
PROD-034,Optional i-power Remote Management System (RMS),Optional / Accessories,Optional UPS Components,(not listed in source),,,range_from_name,product_name
PROD-035,Battery 7Ah-200Ah,Optional / Accessories,Battery Cabinets and Racks,(not listed in source),7-200AH,,range_from_name,product_name
PROD-036,Optional Static Transfer Switch (STS),Optional / Accessories,Optional / Accessories,STS22016 / STS22032,Available,,verified,source_1to1
PROD-037,Li-ion Battery 48VDC-100Ah,Battery Storage Power Solutions,Lithium-ion Battery Packs,RB-LI-48-100,48VDC / 100Ah,,verified,legacy_source_restored
PROD-038,Li-ion Battery 512VDC-100Ah,Battery Storage Power Solutions,Lithium-ion Battery Packs,RB-LI-410-50,409.8VDC / 50Ah,,verified,legacy_source_restored
PROD-038,Li-ion Battery 512VDC-100Ah,Battery Storage Power Solutions,Lithium-ion Battery Packs,RB-LI-512-50,512VDC / 50Ah,,verified,legacy_source_restored
PROD-038,Li-ion Battery 512VDC-100Ah,Battery Storage Power Solutions,Lithium-ion Battery Packs,RB-LI-410-100,409.8VDC / 100Ah,,verified,legacy_source_restored
PROD-038,Li-ion Battery 512VDC-100Ah,Battery Storage Power Solutions,Lithium-ion Battery Packs,RB-LI-512-100,512VDC / 100Ah,,verified,legacy_source_restored
PROD-039,Li-ion Battery 480VDC-100Ah,Battery Storage Power Solutions,Lithium-ion Battery Packs,(not listed in source),,,range_from_name,legacy_source_restored
PROD-040,Li-ion Battery 512VDC-200Ah,Battery Storage Power Solutions,Lithium-ion Battery Packs,RB-LI-512-200,512VDC / 200Ah,,verified,legacy_source_restored
PROD-041,"T-4001 TL 1-1 (0.8,0.9PF), with built-in battery (1-10KVA)",UPS Solutions,On-line high frequency,OH1001T80207S,1.0KVA / 0.8KW,,verified,ups_data_normalised
PROD-041,"T-4001 TL 1-1 (0.8,0.9PF), with built-in battery (1-10KVA)",UPS Solutions,On-line high frequency,OH1002T80407S,2.0KVA / 1.6KW,,verified,ups_data_normalised
PROD-041,"T-4001 TL 1-1 (0.8,0.9PF), with built-in battery (1-10KVA)",UPS Solutions,On-line high frequency,OH1003T80607S,3.0KVA / 2.4KW,,verified,ups_data_normalised
PROD-041,"T-4001 TL 1-1 (0.8,0.9PF), with built-in battery (1-10KVA)",UPS Solutions,On-line high frequency,OH1006T91607S,6.0KVA / 5.4KW,,verified,ups_data_normalised
PROD-041,"T-4001 TL 1-1 (0.8,0.9PF), with built-in battery (1-10KVA)",UPS Solutions,On-line high frequency,OH1010T91607S,10.0KVA / 9.0KW,,flagged_for_review,ups_data_normalised
PROD-042,"T-4001 TL 1-1 (0.8,0.9PF), Long back-up without batteries (1-10KVA)",UPS Solutions,On-line high frequency,OH1001T80300S,1.0KVA / 0.8KW,,flagged_for_review,ups_data_normalised
PROD-042,"T-4001 TL 1-1 (0.8,0.9PF), Long back-up without batteries (1-10KVA)",UPS Solutions,On-line high frequency,OH1001T80600S,1.0KVA / 0.8KW,,flagged_for_review,ups_data_normalised
PROD-042,"T-4001 TL 1-1 (0.8,0.9PF), Long back-up without batteries (1-10KVA)",UPS Solutions,On-line high frequency,OH1003T80800S,3.0KVA / 2.4KW,,verified,ups_data_normalised
PROD-042,"T-4001 TL 1-1 (0.8,0.9PF), Long back-up without batteries (1-10KVA)",UPS Solutions,On-line high frequency,OH1006T91600S,6.0KVA / 5.4KW,,flagged_for_review,ups_data_normalised
PROD-042,"T-4001 TL 1-1 (0.8,0.9PF), Long back-up without batteries (1-10KVA)",UPS Solutions,On-line high frequency,OH1010T91600S,10.0KVA / 9.0KW,,flagged_for_review,ups_data_normalised
PROD-043,T-4001 1-10k TL 1-1 (1PF) With Built-in Batteries (1-10KVA),UPS Solutions,On-line high frequency,OH1001T10207S,1.0KVA / 1.0KW,,verified,ups_data_normalised
PROD-043,T-4001 1-10k TL 1-1 (1PF) With Built-in Batteries (1-10KVA),UPS Solutions,On-line high frequency,OH1001T10209S,1.0KVA / 1.0KW,,verified,ups_data_normalised
PROD-043,T-4001 1-10k TL 1-1 (1PF) With Built-in Batteries (1-10KVA),UPS Solutions,On-line high frequency,OH1002T10407S,2.0KVA / 2.0KW,,verified,ups_data_normalised
PROD-043,T-4001 1-10k TL 1-1 (1PF) With Built-in Batteries (1-10KVA),UPS Solutions,On-line high frequency,OH1002T10409S,2.0KVA / 2.0KW,,verified,ups_data_normalised
PROD-043,T-4001 1-10k TL 1-1 (1PF) With Built-in Batteries (1-10KVA),UPS Solutions,On-line high frequency,OH1003T10607S,3.0KVA / 3.0KW,,verified,ups_data_normalised
PROD-043,T-4001 1-10k TL 1-1 (1PF) With Built-in Batteries (1-10KVA),UPS Solutions,On-line high frequency,OH1003T10609S,3.0KVA / 3.0KW,,verified,ups_data_normalised
PROD-043,T-4001 1-10k TL 1-1 (1PF) With Built-in Batteries (1-10KVA),UPS Solutions,On-line high frequency,OH1006T11607S,6.0KVA / 6.0KW,,verified,ups_data_normalised
PROD-043,T-4001 1-10k TL 1-1 (1PF) With Built-in Batteries (1-10KVA),UPS Solutions,On-line high frequency,OH1006T11609S,6.0KVA / 6.0KW,,verified,ups_data_normalised
PROD-043,T-4001 1-10k TL 1-1 (1PF) With Built-in Batteries (1-10KVA),UPS Solutions,On-line high frequency,OH1010T11607S,10.0KVA / 10.0KW,,verified,ups_data_normalised
PROD-043,T-4001 1-10k TL 1-1 (1PF) With Built-in Batteries (1-10KVA),UPS Solutions,On-line high frequency,OH1010T11609S,10.0KVA / 10.0KW,,verified,ups_data_normalised
PROD-044,T-4001 1-10k TL 1-1 (1PF) Long Back-up Without Batteries (1-10KVA),UPS Solutions,On-line high frequency,OH1001T10300S,1.0KVA / 1.0KW,,verified,ups_data_normalised
PROD-044,T-4001 1-10k TL 1-1 (1PF) Long Back-up Without Batteries (1-10KVA),UPS Solutions,On-line high frequency,OH1002T10600S,2.0KVA / 2.0KW,,verified,ups_data_normalised
PROD-044,T-4001 1-10k TL 1-1 (1PF) Long Back-up Without Batteries (1-10KVA),UPS Solutions,On-line high frequency,OH1003T10800S,3.0KVA / 3.0KW,,verified,ups_data_normalised
PROD-044,T-4001 1-10k TL 1-1 (1PF) Long Back-up Without Batteries (1-10KVA),UPS Solutions,On-line high frequency,OH1006T11600S,6.0KVA / 6.0KW,,verified,ups_data_normalised
PROD-044,T-4001 1-10k TL 1-1 (1PF) Long Back-up Without Batteries (1-10KVA),UPS Solutions,On-line high frequency,OH1006T12000S,6.0KVA / 6.0KW,,verified,ups_data_normalised
PROD-044,T-4001 1-10k TL 1-1 (1PF) Long Back-up Without Batteries (1-10KVA),UPS Solutions,On-line high frequency,OH1010T11600S,10.0KVA / 10.0KW,,verified,ups_data_normalised
PROD-044,T-4001 1-10k TL 1-1 (1PF) Long Back-up Without Batteries (1-10KVA),UPS Solutions,On-line high frequency,OH1010T12000S,10.0KVA / 10.0KW,,verified,ups_data_normalised
PROD-045,T-4001 6-10k TL 1-1 (0.9PF) Built-in & Long Back-up with Parallel Feature (6-10KVA),UPS Solutions,On-line high frequency,OH1006T91507S,6.0KVA / 5.4KW,,verified,ups_data_normalised
PROD-045,T-4001 6-10k TL 1-1 (0.9PF) Built-in & Long Back-up with Parallel Feature (6-10KVA),UPS Solutions,On-line high frequency,OH1006T91600S,6.0KVA / 5.4KW,,flagged_for_review,ups_data_normalised
PROD-045,T-4001 6-10k TL 1-1 (0.9PF) Built-in & Long Back-up with Parallel Feature (6-10KVA),UPS Solutions,On-line high frequency,OH1010T91607S,10.0KVA / 9.0KW,,flagged_for_review,ups_data_normalised
PROD-045,T-4001 6-10k TL 1-1 (0.9PF) Built-in & Long Back-up with Parallel Feature (6-10KVA),UPS Solutions,On-line high frequency,OH1010T91600S,10.0KVA / 9.0KW,,flagged_for_review,ups_data_normalised
PROD-046,T-4001 6k TL 1-1 (1PF) Built-in Long Back-up with Parallel Feature (6KVA),UPS Solutions,On-line high frequency,OH1005T10400S,5.0KVA / 5.0KW,,flagged_for_review,ups_data_normalised
PROD-047,T-4003 20-80k TL 3-3 (1PF) Built-in & Long Back-up series (20-80KVA),UPS Solutions,On-line high frequency,OH3020T14400S,20.0KVA / 20.0KW,,verified,ups_data_normalised
PROD-047,T-4003 20-80k TL 3-3 (1PF) Built-in & Long Back-up series (20-80KVA),UPS Solutions,On-line high frequency,OH3020T14000B,20.0KVA / 20.0KW,,verified,ups_data_normalised
PROD-047,T-4003 20-80k TL 3-3 (1PF) Built-in & Long Back-up series (20-80KVA),UPS Solutions,On-line high frequency,OH3030T14400S,30.0KVA / 30.0KW,,verified,ups_data_normalised
PROD-047,T-4003 20-80k TL 3-3 (1PF) Built-in & Long Back-up series (20-80KVA),UPS Solutions,On-line high frequency,OH3030T14000B,30.0KVA / 30.0KW,,verified,ups_data_normalised
PROD-047,T-4003 20-80k TL 3-3 (1PF) Built-in & Long Back-up series (20-80KVA),UPS Solutions,On-line high frequency,OH3040T14400S,40.0KVA / 40.0KW,,verified,ups_data_normalised
PROD-047,T-4003 20-80k TL 3-3 (1PF) Built-in & Long Back-up series (20-80KVA),UPS Solutions,On-line high frequency,OH3040T14000B,40.0KVA / 40.0KW,,verified,ups_data_normalised
PROD-047,T-4003 20-80k TL 3-3 (1PF) Built-in & Long Back-up series (20-80KVA),UPS Solutions,On-line high frequency,OH3060T14400S,60.0KVA / 60.0KW,,verified,ups_data_normalised
PROD-047,T-4003 20-80k TL 3-3 (1PF) Built-in & Long Back-up series (20-80KVA),UPS Solutions,On-line high frequency,OH3060T14000B,60.0KVA / 60.0KW,,verified,ups_data_normalised
PROD-047,T-4003 20-80k TL 3-3 (1PF) Built-in & Long Back-up series (20-80KVA),UPS Solutions,On-line high frequency,OH3080T14400S,80.0KVA / 80.0KW,,verified,ups_data_normalised
PROD-047,T-4003 20-80k TL 3-3 (1PF) Built-in & Long Back-up series (20-80KVA),UPS Solutions,On-line high frequency,OH3080T14000B,80.0KVA / 80.0KW,,verified,ups_data_normalised
PROD-048,T-4003 10-180k TL 3-3 (0.9/1PF) Long Back-up series (10-180KVA),UPS Solutions,On-line high frequency,OH3010T15000S,10.0KVA / 10.0KW,,verified,ups_data_normalised
PROD-048,T-4003 10-180k TL 3-3 (0.9/1PF) Long Back-up series (10-180KVA),UPS Solutions,On-line high frequency,OH3020T15000S,20.0KVA / 20.0KW,,verified,ups_data_normalised
PROD-048,T-4003 10-180k TL 3-3 (0.9/1PF) Long Back-up series (10-180KVA),UPS Solutions,On-line high frequency,OH3030T15000S,30.0KVA / 30.0KW,,verified,ups_data_normalised
PROD-048,T-4003 10-180k TL 3-3 (0.9/1PF) Long Back-up series (10-180KVA),UPS Solutions,On-line high frequency,OH3040T15000S,40.0KVA / 40.0KW,,verified,ups_data_normalised
PROD-048,T-4003 10-180k TL 3-3 (0.9/1PF) Long Back-up series (10-180KVA),UPS Solutions,On-line high frequency,OH3060T15000S,60.0KVA / 60.0KW,,verified,ups_data_normalised
PROD-048,T-4003 10-180k TL 3-3 (0.9/1PF) Long Back-up series (10-180KVA),UPS Solutions,On-line high frequency,OH3080T15000S,80.0KVA / 80.0KW,,verified,ups_data_normalised
PROD-048,T-4003 10-180k TL 3-3 (0.9/1PF) Long Back-up series (10-180KVA),UPS Solutions,On-line high frequency,OH3100T15000S,100.0KVA / 100.0KW,,verified,ups_data_normalised
PROD-048,T-4003 10-180k TL 3-3 (0.9/1PF) Long Back-up series (10-180KVA),UPS Solutions,On-line high frequency,OH3120T15000S,120.0KVA / 120.0KW,,verified,ups_data_normalised
PROD-048,T-4003 10-180k TL 3-3 (0.9/1PF) Long Back-up series (10-180KVA),UPS Solutions,On-line high frequency,OH3160T15000S,160.0KVA / 160.0KW,,verified,ups_data_normalised
PROD-048,T-4003 10-180k TL 3-3 (0.9/1PF) Long Back-up series (10-180KVA),UPS Solutions,On-line high frequency,OH3180T15000S,180.0KVA / 180.0KW,,verified,ups_data_normalised
PROD-049,T-4003 300-1200k TL 3-3 (1PF) Long Back-up series (300-1200KVA),UPS Solutions,On-line high frequency,OH3300T14400S,300.0KVA / 300.0KW,,flagged_for_review,ups_data_normalised
PROD-049,T-4003 300-1200k TL 3-3 (1PF) Long Back-up series (300-1200KVA),UPS Solutions,On-line high frequency,OH3400T14400S,400.0KVA / 400.0KW,,flagged_for_review,ups_data_normalised
PROD-049,T-4003 300-1200k TL 3-3 (1PF) Long Back-up series (300-1200KVA),UPS Solutions,On-line high frequency,OH3500T14400S,500.0KVA / 500.0KW,,flagged_for_review,ups_data_normalised
PROD-049,T-4003 300-1200k TL 3-3 (1PF) Long Back-up series (300-1200KVA),UPS Solutions,On-line high frequency,OH3600T14400S,600.0KVA / 600.0KW,,flagged_for_review,ups_data_normalised
PROD-049,T-4003 300-1200k TL 3-3 (1PF) Long Back-up series (300-1200KVA),UPS Solutions,On-line high frequency,OH3800T14800S,800.0KVA / 800.0KW,,flagged_for_review,ups_data_normalised
PROD-049,T-4003 300-1200k TL 3-3 (1PF) Long Back-up series (300-1200KVA),UPS Solutions,On-line high frequency,OH31M0T14800S,"1,000.0KVA / 1,000.0KW",,flagged_for_review,ups_data_normalised
PROD-049,T-4003 300-1200k TL 3-3 (1PF) Long Back-up series (300-1200KVA),UPS Solutions,On-line high frequency,OH31M2T14800S,"1,200.0KVA / 1,200.0KW",,flagged_for_review,ups_data_normalised
PROD-050,T-4101 1-6k TB 1-1 (0.8PF) With Battery (1-6KVA),UPS Solutions,On-line low frequency,OL1001T80607S,1.0KVA / 0.8KW,,verified,ups_data_normalised
PROD-050,T-4101 1-6k TB 1-1 (0.8PF) With Battery (1-6KVA),UPS Solutions,On-line low frequency,OL1002T80607S,2.0KVA / 1.6KW,,verified,ups_data_normalised
PROD-050,T-4101 1-6k TB 1-1 (0.8PF) With Battery (1-6KVA),UPS Solutions,On-line low frequency,OL1003T80807S,3.0KVA / 2.4KW,,verified,ups_data_normalised
PROD-050,T-4101 1-6k TB 1-1 (0.8PF) With Battery (1-6KVA),UPS Solutions,On-line low frequency,OL1006T81607S,6.0KVA / 4.8KW,,verified,ups_data_normalised
PROD-051,T-4101 1-15k TB 1-1 (0.8PF) Without Battery (1-15KVA),UPS Solutions,On-line low frequency,OL1001T80600S,1.0KVA / 0.8KW,,verified,ups_data_normalised
PROD-051,T-4101 1-15k TB 1-1 (0.8PF) Without Battery (1-15KVA),UPS Solutions,On-line low frequency,OL1002T80600S,2.0KVA / 1.6KW,,verified,ups_data_normalised
PROD-051,T-4101 1-15k TB 1-1 (0.8PF) Without Battery (1-15KVA),UPS Solutions,On-line low frequency,OL1003T80800S,3.0KVA / 2.4KW,,verified,ups_data_normalised
PROD-051,T-4101 1-15k TB 1-1 (0.8PF) Without Battery (1-15KVA),UPS Solutions,On-line low frequency,OL1006T81600S,6.0KVA / 4.8KW,,verified,ups_data_normalised
PROD-051,T-4101 1-15k TB 1-1 (0.8PF) Without Battery (1-15KVA),UPS Solutions,On-line low frequency,OL1006T80800S,6.0KVA / 4.8KW,,verified,ups_data_normalised
PROD-051,T-4101 1-15k TB 1-1 (0.8PF) Without Battery (1-15KVA),UPS Solutions,On-line low frequency,OL1008T81600S,8.0KVA / 6.4KW,,verified,ups_data_normalised
PROD-051,T-4101 1-15k TB 1-1 (0.8PF) Without Battery (1-15KVA),UPS Solutions,On-line low frequency,OL1010T81600S,10.0KVA / 8.0KW,,verified,ups_data_normalised
PROD-051,T-4101 1-15k TB 1-1 (0.8PF) Without Battery (1-15KVA),UPS Solutions,On-line low frequency,OL1015T81600S,15.0KVA / 12.0KW,,verified,ups_data_normalised
PROD-052,T-4102 6-30k TB 3-1 Without Battery (6-30KVA),UPS Solutions,On-line low frequency,OL2006T83200S,6.0KVA / 4.8KW,,verified,ups_data_normalised
PROD-052,T-4102 6-30k TB 3-1 Without Battery (6-30KVA),UPS Solutions,On-line low frequency,OL2010T83200S,10.0KVA / 8.0KW,,flagged_for_review,ups_data_normalised
PROD-052,T-4102 6-30k TB 3-1 Without Battery (6-30KVA),UPS Solutions,On-line low frequency,OL2015T83200S,15.0KVA / 12.0KW,,verified,ups_data_normalised
PROD-052,T-4102 6-30k TB 3-1 Without Battery (6-30KVA),UPS Solutions,On-line low frequency,OL2020T83200S,20.0KVA / 16.0KW,,flagged_for_review,ups_data_normalised
PROD-052,T-4102 6-30k TB 3-1 Without Battery (6-30KVA),UPS Solutions,On-line low frequency,OL2030T83200S,30.0KVA / 24.0KW,,flagged_for_review,ups_data_normalised
PROD-053,T-4102 10-60k TB 3-1 (0.8PF) Without Battery (10-60KVA),UPS Solutions,On-line low frequency,OL2010T83200S,10.0KVA / 8.0KW,,flagged_for_review,ups_data_normalised
PROD-053,T-4102 10-60k TB 3-1 (0.8PF) Without Battery (10-60KVA),UPS Solutions,On-line low frequency,OL2020T83200S,20.0KVA / 16.0KW,,flagged_for_review,ups_data_normalised
PROD-053,T-4102 10-60k TB 3-1 (0.8PF) Without Battery (10-60KVA),UPS Solutions,On-line low frequency,OL2030T83200S,30.0KVA / 24.0KW,,flagged_for_review,ups_data_normalised
PROD-053,T-4102 10-60k TB 3-1 (0.8PF) Without Battery (10-60KVA),UPS Solutions,On-line low frequency,OL2040T83200S,40.0KVA / 32.0KW,,verified,ups_data_normalised
PROD-053,T-4102 10-60k TB 3-1 (0.8PF) Without Battery (10-60KVA),UPS Solutions,On-line low frequency,OL2060T83200S,60.0KVA / 48.0KW,,verified,ups_data_normalised
PROD-054,T-4103 10-40k TB 3-3 (0.9PF) Without Battery (10-40KVA),UPS Solutions,On-line low frequency,OL3010T93200S,10.0KVA / 9.0KW,,verified,ups_data_normalised
PROD-054,T-4103 10-40k TB 3-3 (0.9PF) Without Battery (10-40KVA),UPS Solutions,On-line low frequency,OL3015T93200S,15.0KVA / 13.5KW,,verified,ups_data_normalised
PROD-054,T-4103 10-40k TB 3-3 (0.9PF) Without Battery (10-40KVA),UPS Solutions,On-line low frequency,OL3020T93200S,20.0KVA / 18.0KW,,verified,ups_data_normalised
PROD-054,T-4103 10-40k TB 3-3 (0.9PF) Without Battery (10-40KVA),UPS Solutions,On-line low frequency,OL3030T93200S,30.0KVA / 27.0KW,,verified,ups_data_normalised
PROD-054,T-4103 10-40k TB 3-3 (0.9PF) Without Battery (10-40KVA),UPS Solutions,On-line low frequency,OL3040T93200S,40.0KVA / 36.0KW,,verified,ups_data_normalised
PROD-055,T-4103 60-120k TB 3-3 (0.9PF) Without Battery (60-120KVA),UPS Solutions,On-line low frequency,OL3060T93200S,60.0KVA / 54.0KW,,verified,ups_data_normalised
PROD-055,T-4103 60-120k TB 3-3 (0.9PF) Without Battery (60-120KVA),UPS Solutions,On-line low frequency,OL3080T93200S,80.0KVA / 72.0KW,,verified,ups_data_normalised
PROD-055,T-4103 60-120k TB 3-3 (0.9PF) Without Battery (60-120KVA),UPS Solutions,On-line low frequency,OL3100T93200S,100.0KVA / 90.0KW,,verified,ups_data_normalised
PROD-055,T-4103 60-120k TB 3-3 (0.9PF) Without Battery (60-120KVA),UPS Solutions,On-line low frequency,OL3120T93200S,120.0KVA / 108.0KW,,verified,ups_data_normalised
PROD-056,T-4103 160-600k TB 3-3 (0.9PF) Without Battery (160-600KVA),UPS Solutions,On-line low frequency,OL3160T93200S,160.0KVA / 144.0KW,,verified,ups_data_normalised
PROD-056,T-4103 160-600k TB 3-3 (0.9PF) Without Battery (160-600KVA),UPS Solutions,On-line low frequency,OL3200T93200S,200.0KVA / 180.0KW,,verified,ups_data_normalised
PROD-056,T-4103 160-600k TB 3-3 (0.9PF) Without Battery (160-600KVA),UPS Solutions,On-line low frequency,OL3250T93200S,250.0KVA / 225.0KW,,verified,ups_data_normalised
PROD-056,T-4103 160-600k TB 3-3 (0.9PF) Without Battery (160-600KVA),UPS Solutions,On-line low frequency,OL3300T93200S,300.0KVA / 270.0KW,,verified,ups_data_normalised
PROD-056,T-4103 160-600k TB 3-3 (0.9PF) Without Battery (160-600KVA),UPS Solutions,On-line low frequency,OL3400T93200S,400.0KVA / 360.0KW,,verified,ups_data_normalised
PROD-056,T-4103 160-600k TB 3-3 (0.9PF) Without Battery (160-600KVA),UPS Solutions,On-line low frequency,OL3500T93200S,500.0KVA / 450.0KW,,verified,ups_data_normalised
PROD-056,T-4103 160-600k TB 3-3 (0.9PF) Without Battery (160-600KVA),UPS Solutions,On-line low frequency,OL3600T93200S,600.0KVA / 540.0KW,,verified,ups_data_normalised
PROD-057,T-4111 1-10k TB 1-1 (0.8PF) Without Battery (1-10KVA),UPS Solutions,Rack-Mountable,OL1001R80600S,1.0KVA / 0.8KW,,verified,ups_data_normalised
PROD-057,T-4111 1-10k TB 1-1 (0.8PF) Without Battery (1-10KVA),UPS Solutions,Rack-Mountable,OL1002R80600S,2.0KVA / 1.6KW,,verified,ups_data_normalised
PROD-057,T-4111 1-10k TB 1-1 (0.8PF) Without Battery (1-10KVA),UPS Solutions,Rack-Mountable,OL1003R80800S,3.0KVA / 2.4KW,,verified,ups_data_normalised
PROD-057,T-4111 1-10k TB 1-1 (0.8PF) Without Battery (1-10KVA),UPS Solutions,Rack-Mountable,OL1006R81600S,6.0KVA / 4.8KW,,verified,ups_data_normalised
PROD-057,T-4111 1-10k TB 1-1 (0.8PF) Without Battery (1-10KVA),UPS Solutions,Rack-Mountable,OL1008R81600S,8.0KVA / 6.4KW,,verified,ups_data_normalised
PROD-057,T-4111 1-10k TB 1-1 (0.8PF) Without Battery (1-10KVA),UPS Solutions,Rack-Mountable,OL1010R81600S,10.0KVA / 8.0KW,,verified,ups_data_normalised
PROD-058,T-4011 1-10k TL 1-1 (1PF) With Battery (1-10KVA),UPS Solutions,Rack-Mountable,OH1001C10207S,1.0KVA / 1.0KW,,verified,ups_data_normalised
PROD-058,T-4011 1-10k TL 1-1 (1PF) With Battery (1-10KVA),UPS Solutions,Rack-Mountable,OH1002C10407S,2.0KVA / 2.0KW,,verified,ups_data_normalised
PROD-058,T-4011 1-10k TL 1-1 (1PF) With Battery (1-10KVA),UPS Solutions,Rack-Mountable,OH1003C10607S,3.0KVA / 3.0KW,,verified,ups_data_normalised
PROD-058,T-4011 1-10k TL 1-1 (1PF) With Battery (1-10KVA),UPS Solutions,Rack-Mountable,OH1006C11607S,6.0KVA / 6.0KW,,verified,ups_data_normalised
PROD-058,T-4011 1-10k TL 1-1 (1PF) With Battery (1-10KVA),UPS Solutions,Rack-Mountable,OH1010C11607S,10.0KVA / 10.0KW,,verified,ups_data_normalised
PROD-059,T-4011 3-5k TL 1-1 (1PF) Without Battery (3-5KVA),UPS Solutions,Rack-Mountable,OH1003R10400S,3.0KVA / 3.0KW,,verified,ups_data_normalised
PROD-059,T-4011 3-5k TL 1-1 (1PF) Without Battery (3-5KVA),UPS Solutions,Rack-Mountable,OH1005R10400S,5.0KVA / 5.0KW,,verified,ups_data_normalised
PROD-060,T-4011 6-10k TL 1-1 (1PF) compatible with Lithium batteries,UPS Solutions,Rack-Mountable,OH1006R11600L,6.0KVA / 6.0KW,,verified,ups_data_normalised
PROD-060,T-4011 6-10k TL 1-1 (1PF) compatible with Lithium batteries,UPS Solutions,Rack-Mountable,OH1006R16000L,6.0KVA / 6.0KW,,flagged_for_review,ups_data_normalised
PROD-060,T-4011 6-10k TL 1-1 (1PF) compatible with Lithium batteries,UPS Solutions,Rack-Mountable,OH1010R11600L,10.0KVA / 10.0KW,,verified,ups_data_normalised
PROD-060,T-4011 6-10k TL 1-1 (1PF) compatible with Lithium batteries,UPS Solutions,Rack-Mountable,OH1010R16000L,10.0KVA / 10.0KW,,flagged_for_review,ups_data_normalised
PROD-060,T-4011 6-10k TL 1-1 (1PF) compatible with Lithium batteries,UPS Solutions,Rack-Mountable,OH2010R11600L,10.0KVA / 10.0KW,,verified,ups_data_normalised
PROD-061,T-4011 1-10k TL 1-1 (1PF) Without Battery (1-10KVA),UPS Solutions,Rack-Mountable,OH1001C10300S,1.0KVA / 1.0KW,,verified,ups_data_normalised
PROD-061,T-4011 1-10k TL 1-1 (1PF) Without Battery (1-10KVA),UPS Solutions,Rack-Mountable,OH1002C10600S,2.0KVA / 2.0KW,,verified,ups_data_normalised
PROD-061,T-4011 1-10k TL 1-1 (1PF) Without Battery (1-10KVA),UPS Solutions,Rack-Mountable,OH1003C10800S,3.0KVA / 3.0KW,,verified,ups_data_normalised
PROD-061,T-4011 1-10k TL 1-1 (1PF) Without Battery (1-10KVA),UPS Solutions,Rack-Mountable,OH1006C11600S,6.0KVA / 6.0KW,,verified,ups_data_normalised
PROD-061,T-4011 1-10k TL 1-1 (1PF) Without Battery (1-10KVA),UPS Solutions,Rack-Mountable,OH1010C11600S,10.0KVA / 10.0KW,,verified,ups_data_normalised
PROD-062,T-4012 10-20k TL 3-1 (0.9PF) Without Battery (10-20KVA),UPS Solutions,Rack-Mountable,OH2010C81600S,10.0KVA / 9.0KW,,verified,ups_data_normalised
PROD-062,T-4012 10-20k TL 3-1 (0.9PF) Without Battery (10-20KVA),UPS Solutions,Rack-Mountable,OH2010C92000S,10.0KVA / 9.0KW,,verified,ups_data_normalised
PROD-062,T-4012 10-20k TL 3-1 (0.9PF) Without Battery (10-20KVA),UPS Solutions,Rack-Mountable,OH2015C81600S,15.0KVA / 13.5KW,,verified,ups_data_normalised
PROD-062,T-4012 10-20k TL 3-1 (0.9PF) Without Battery (10-20KVA),UPS Solutions,Rack-Mountable,OH2015C92000S,15.0KVA / 13.5KW,,verified,ups_data_normalised
PROD-062,T-4012 10-20k TL 3-1 (0.9PF) Without Battery (10-20KVA),UPS Solutions,Rack-Mountable,OH2020C81600S,20.0KVA / 18.0KW,,verified,ups_data_normalised
PROD-062,T-4012 10-20k TL 3-1 (0.9PF) Without Battery (10-20KVA),UPS Solutions,Rack-Mountable,OH2020C92000S,20.0KVA / 18.0KW,,verified,ups_data_normalised
PROD-063,T-4011 1-10k TL 1-1 (1PF) Compatible with Li-ion battery (1-10KVA),UPS Solutions,Rack-Mountable,OH1001R11200L,1.0KVA / 1.0KW,,verified,ups_data_normalised
PROD-063,T-4011 1-10k TL 1-1 (1PF) Compatible with Li-ion battery (1-10KVA),UPS Solutions,Rack-Mountable,OH1002R12300L,2.0KVA / 2.0KW,,verified,ups_data_normalised
PROD-063,T-4011 1-10k TL 1-1 (1PF) Compatible with Li-ion battery (1-10KVA),UPS Solutions,Rack-Mountable,OH1003R13000L,3.0KVA / 3.0KW,,verified,ups_data_normalised
PROD-063,T-4011 1-10k TL 1-1 (1PF) Compatible with Li-ion battery (1-10KVA),UPS Solutions,Rack-Mountable,OH1006R16000L,6.0KVA / 6.0KW,,flagged_for_review,ups_data_normalised
PROD-063,T-4011 1-10k TL 1-1 (1PF) Compatible with Li-ion battery (1-10KVA),UPS Solutions,Rack-Mountable,OH1010R16000L,10.0KVA / 10.0KW,,flagged_for_review,ups_data_normalised
PROD-064,T-4011 1-3k TL 1-1 (0.8PF) Compatible with Li-ion battery (1-3KVA),UPS Solutions,Rack-Mountable,OH1001R80400L,1.0KVA / 0.8KW,,verified,ups_data_normalised
PROD-064,T-4011 1-3k TL 1-1 (0.8PF) Compatible with Li-ion battery (1-3KVA),UPS Solutions,Rack-Mountable,OH1002R80400L,2.0KVA / 1.6KW,,verified,ups_data_normalised
PROD-064,T-4011 1-3k TL 1-1 (0.8PF) Compatible with Li-ion battery (1-3KVA),UPS Solutions,Rack-Mountable,OH1003R80400L,3.0KVA / 2.4KW,,verified,ups_data_normalised
PROD-065,T-6003 50-600k TL 3-3 (1PF) Modular Without Battery (50-600KVA),UPS Solutions,Modular Series,MH3200U15000S,200.0KVA / 200.0KW,,verified,ups_data_normalised
PROD-065,T-6003 50-600k TL 3-3 (1PF) Modular Without Battery (50-600KVA),UPS Solutions,Modular Series,MH3300U15000S,300.0KVA / 300.0KW,,verified,ups_data_normalised
PROD-065,T-6003 50-600k TL 3-3 (1PF) Modular Without Battery (50-600KVA),UPS Solutions,Modular Series,MH3400U15000S,400.0KVA / 400.0KW,,verified,ups_data_normalised
PROD-065,T-6003 50-600k TL 3-3 (1PF) Modular Without Battery (50-600KVA),UPS Solutions,Modular Series,MH3500U15000S,500.0KVA / 500.0KW,,verified,ups_data_normalised
PROD-065,T-6003 50-600k TL 3-3 (1PF) Modular Without Battery (50-600KVA),UPS Solutions,Modular Series,MH3600U15000S,600.0KVA / 600.0KW,,verified,ups_data_normalised
PROD-066,T-6003 60-1600k TL 3-3 (1PF) Modualr Without Battery (60-1600KVA),UPS Solutions,Modular Series,MH3060U94000S,60.0KVA / 60.0KW,,verified,ups_data_normalised
PROD-066,T-6003 60-1600k TL 3-3 (1PF) Modualr Without Battery (60-1600KVA),UPS Solutions,Modular Series,MH3080U94000S,80.0KVA / 80.0KW,,verified,ups_data_normalised
PROD-066,T-6003 60-1600k TL 3-3 (1PF) Modualr Without Battery (60-1600KVA),UPS Solutions,Modular Series,MH3100U94000S,100.0KVA / 100.0KW,,verified,ups_data_normalised
PROD-066,T-6003 60-1600k TL 3-3 (1PF) Modualr Without Battery (60-1600KVA),UPS Solutions,Modular Series,MH3120U94000S,120.0KVA / 120.0KW,,verified,ups_data_normalised
PROD-066,T-6003 60-1600k TL 3-3 (1PF) Modualr Without Battery (60-1600KVA),UPS Solutions,Modular Series,MH3160U94000S,160.0KVA / 160.0KW,,verified,ups_data_normalised
PROD-066,T-6003 60-1600k TL 3-3 (1PF) Modualr Without Battery (60-1600KVA),UPS Solutions,Modular Series,MH3180U94000S,180.0KVA / 180.0KW,,verified,ups_data_normalised
PROD-066,T-6003 60-1600k TL 3-3 (1PF) Modualr Without Battery (60-1600KVA),UPS Solutions,Modular Series,MH3200U94000S,200.0KVA / 200.0KW,,verified,ups_data_normalised
PROD-066,T-6003 60-1600k TL 3-3 (1PF) Modualr Without Battery (60-1600KVA),UPS Solutions,Modular Series,MH3240U94000S,240.0KVA / 240.0KW,,verified,ups_data_normalised
PROD-066,T-6003 60-1600k TL 3-3 (1PF) Modualr Without Battery (60-1600KVA),UPS Solutions,Modular Series,MH3300U94000S,300.0KVA / 300.0KW,,verified,ups_data_normalised
PROD-066,T-6003 60-1600k TL 3-3 (1PF) Modualr Without Battery (60-1600KVA),UPS Solutions,Modular Series,MH3400U94000S,400.0KVA / 400.0KW,,verified,ups_data_normalised
PROD-067,T-6003 300-1200k TL 3-3 (1PF) Modualr Without Battery (300-1200KVA),UPS Solutions,Modular Series,OH3300T14400S,300.0KVA / 300.0KW,,flagged_for_review,ups_data_normalised
PROD-067,T-6003 300-1200k TL 3-3 (1PF) Modualr Without Battery (300-1200KVA),UPS Solutions,Modular Series,OH3400T14400S,400.0KVA / 400.0KW,,flagged_for_review,ups_data_normalised
PROD-067,T-6003 300-1200k TL 3-3 (1PF) Modualr Without Battery (300-1200KVA),UPS Solutions,Modular Series,OH3500T14400S,500.0KVA / 500.0KW,,flagged_for_review,ups_data_normalised
PROD-067,T-6003 300-1200k TL 3-3 (1PF) Modualr Without Battery (300-1200KVA),UPS Solutions,Modular Series,OH3600T14400S,600.0KVA / 600.0KW,,flagged_for_review,ups_data_normalised
PROD-067,T-6003 300-1200k TL 3-3 (1PF) Modualr Without Battery (300-1200KVA),UPS Solutions,Modular Series,OH3800T14800S,800.0KVA / 800.0KW,,flagged_for_review,ups_data_normalised
PROD-067,T-6003 300-1200k TL 3-3 (1PF) Modualr Without Battery (300-1200KVA),UPS Solutions,Modular Series,OH31M0T14800S,"1,000.0KVA / 1,000.0KW",,flagged_for_review,ups_data_normalised
PROD-067,T-6003 300-1200k TL 3-3 (1PF) Modualr Without Battery (300-1200KVA),UPS Solutions,Modular Series,OH31M2T14800S,"1,200.0KVA / 1,200.0KW",,flagged_for_review,ups_data_normalised
PROD-068,T-7701 1.6-6k TL 1-1 (1PF) Without Battery (1.6-6KVA),UPS Solutions,Inverters,IH11X6W10100C,1.6KVA / 1.6KW,,verified,ups_data_normalised
PROD-068,T-7701 1.6-6k TL 1-1 (1PF) Without Battery (1.6-6KVA),UPS Solutions,Inverters,IH13X2W10200C,3.2KVA / 3.2KW,,flagged_for_review,ups_data_normalised
PROD-068,T-7701 1.6-6k TL 1-1 (1PF) Without Battery (1.6-6KVA),UPS Solutions,Inverters,IH1004W10200C,4.0KVA / 4.0KW,,verified,ups_data_normalised
PROD-068,T-7701 1.6-6k TL 1-1 (1PF) Without Battery (1.6-6KVA),UPS Solutions,Inverters,IH1006W10400C,6.0KVA / 6.0KW,,verified,ups_data_normalised
PROD-069,T-7701 6-10k TL 1-1 (1PF) Without Battery (6-10KVA),UPS Solutions,Inverters,IH1006W10400S,6.0KVA / 6.0KW,,verified,ups_data_normalised
PROD-069,T-7701 6-10k TL 1-1 (1PF) Without Battery (6-10KVA),UPS Solutions,Inverters,IH1008W10400S,8.0KVA / 8.0KW,,verified,ups_data_normalised
PROD-069,T-7701 6-10k TL 1-1 (1PF) Without Battery (6-10KVA),UPS Solutions,Inverters,IH1010W10400S,10.0KVA / 10.0KW,,flagged_for_review,ups_data_normalised
PROD-070,T-7701 3-5k TL 1-1 (1PF) Without Battery (3-5KVA),UPS Solutions,Inverters,IH1003R10200M,3.0KVA / 3.0KW,,verified,ups_data_normalised
PROD-070,T-7701 3-5k TL 1-1 (1PF) Without Battery (3-5KVA),UPS Solutions,Inverters,IH1003W10200M,3.0KVA / 3.0KW,,verified,ups_data_normalised
PROD-070,T-7701 3-5k TL 1-1 (1PF) Without Battery (3-5KVA),UPS Solutions,Inverters,IH1005R10400M,5.0KVA / 5.0KW,,verified,ups_data_normalised
PROD-070,T-7701 3-5k TL 1-1 (1PF) Without Battery (3-5KVA),UPS Solutions,Inverters,IH1005W10400M,5.0KVA / 5.0KW,,verified,ups_data_normalised
PROD-071,T-7701 11k TL 1-1 (1PF) Without Battery (11KVA),UPS Solutions,Inverters,IH1011W10400C,11.0KVA / 11.0KW,,verified,ups_data_normalised
PROD-072,T-7703 8-20k 3-3 (1PF) Without Battery (8-20KVA),UPS Solutions,Inverters,IH3010W10400M,10.0KVA / 10.0KW,,flagged_for_review,ups_data_normalised
PROD-072,T-7703 8-20k 3-3 (1PF) Without Battery (8-20KVA),UPS Solutions,Inverters,IH3012W10400M,12.0KVA / 12.0KW,,verified,ups_data_normalised
PROD-072,T-7703 8-20k 3-3 (1PF) Without Battery (8-20KVA),UPS Solutions,Inverters,IH3015W10400M,15.0KVA / 15.0KW,,verified,ups_data_normalised
PROD-072,T-7703 8-20k 3-3 (1PF) Without Battery (8-20KVA),UPS Solutions,Inverters,IH3020W10400M,20.0KVA / 20.0KW,,verified,ups_data_normalised
PROD-073,Static Transfer Switch (STS) TL 1-1 16-32A,UPS Solutions,Accessories,STS22016,16A,,verified,ups_data_normalised
PROD-073,Static Transfer Switch (STS) TL 1-1 16-32A,UPS Solutions,Accessories,STS22032,32A,,verified,ups_data_normalised
PROD-074,Static Transfer Switch (STS) TL 3-3 25-200A,UPS Solutions,Accessories,STS380025,25A,,verified,ups_data_normalised
PROD-074,Static Transfer Switch (STS) TL 3-3 25-200A,UPS Solutions,Accessories,STS380032,32A,,verified,ups_data_normalised
PROD-074,Static Transfer Switch (STS) TL 3-3 25-200A,UPS Solutions,Accessories,STS380045,45A,,verified,ups_data_normalised
PROD-074,Static Transfer Switch (STS) TL 3-3 25-200A,UPS Solutions,Accessories,STS380063,63A,,verified,ups_data_normalised
PROD-074,Static Transfer Switch (STS) TL 3-3 25-200A,UPS Solutions,Accessories,STS380100,100A,,verified,ups_data_normalised
PROD-074,Static Transfer Switch (STS) TL 3-3 25-200A,UPS Solutions,Accessories,STS380160,160A,,verified,ups_data_normalised
PROD-074,Static Transfer Switch (STS) TL 3-3 25-200A,UPS Solutions,Accessories,STS380200,200A,,verified,ups_data_normalised
